"dataset_partition","modality","cycle","stage_id","stage_ordinal","stage_qc_status","relative_path","bytes","sha256"
"blind","ETP_eddy_current","C1","S0","0","PASS","raw/blind/C1/etp/零压力测试/285000.csv","5708152","a26de15270a22135cdc9f5c433496f45f85d2cf2ae86423a178b1d9a54f0e1d2"
"blind","ETP_eddy_current","C1","S0","0","PASS","raw/blind/C1/etp/零压力测试/300000.csv","5617760","ea5f689948f388f9095cdf6989ecc83c3614b9d69b9cd778794c771314616a65"
"blind","ETP_eddy_current","C1","S0","0","PASS","raw/blind/C1/etp/零压力测试/315000.csv","5634010","24f89baa1c43953128205af76148a7f4993d0c01e16f3348d5a971ce0d24b483"
"blind","ETP_eddy_current","C1","S0","0","PASS","raw/blind/C1/etp/零压力测试/330000.csv","5635162","a4aade239a62d47b248756275e2252e887a21c67e7e134f1acdda040fa1971d6"
"blind","ETP_eddy_current","C1","S0","0","PASS","raw/blind/C1/etp/零压力测试/345000.csv","5621578","d05bb80c8b61ad33bdb657ad9eab0afe1088ffe8b71831e6ab9f44ec5e1c6f3e"
"blind","ETP_eddy_current","C1","S0","0","PASS","raw/blind/C1/etp/零压力测试/360000.csv","5717172","ea129695d3d1a37f50e55df130810a9daa436c51b42bace02f6d7318d57dc32f"
"blind","magnetic_shared_MEM_remanence","C1","S0","0","PASS","raw/blind/C1/magnetic/零压力测试/105000.csv","115189476","0ce1438d3fddf48c5c8c9f32849165fd3ed997920339504cfcbc2b80853c7879"
"blind","magnetic_shared_MEM_remanence","C1","S0","0","PASS","raw/blind/C1/magnetic/零压力测试/120000.csv","115357580","d3182eecf939e26c03161476241c72f17d0777e1af2e128c029cdcb9a84b7a29"
"blind","magnetic_shared_MEM_remanence","C1","S0","0","PASS","raw/blind/C1/magnetic/零压力测试/135000.csv","115393071","ac831aceffb4c9236a7b18288d027d8e8a413d9a2941891d857478754a867cc5"
"blind","magnetic_shared_MEM_remanence","C1","S0","0","PASS","raw/blind/C1/magnetic/零压力测试/75000.csv","115201758","28347b5bf47ab479b0241bb5c565373cb0fbf8cbc896d5d52f33cb676975cab2"
"blind","magnetic_shared_MEM_remanence","C1","S0","0","PASS","raw/blind/C1/magnetic/零压力测试/90000.csv","115397316","02d67dcc3c892af57e7bb7c46223f7c1464db2f04dcfbc1891dca587911ae404"
"blind","ETP_eddy_current","C1","S1","1","PASS","raw/blind/C1/etp/第一次加压/330000.csv","5767742","d3aad6c3bc229cafcd60cf59716e16736f5df564184bf6a7d8a847929ea541fa"
"blind","ETP_eddy_current","C1","S1","1","PASS","raw/blind/C1/etp/第一次加压/345000.csv","5652296","ecc31fb94ce03d2e2c97a4b76180ca7635dfe5f5c8fee8440f86802e739bd439"
"blind","ETP_eddy_current","C1","S1","1","PASS","raw/blind/C1/etp/第一次加压/360000.csv","5613911","36677fac0e981b545881d4ef815c7e5a37ea11ff8940cae817e5041a46b7bc1c"
"blind","ETP_eddy_current","C1","S1","1","PASS","raw/blind/C1/etp/第一次加压/375000.csv","5653829","40c279e8a8c3705aeb59c3c9241006e3a99dbf391051ff6d0fc54aca3a49cd4b"
"blind","ETP_eddy_current","C1","S1","1","PASS","raw/blind/C1/etp/第一次加压/390000.csv","5625543","ab73ee47e1520de4ebc796e9d8e1bb05f75425ca2e7217387d5021fbb904e9b2"
"blind","ETP_eddy_current","C1","S1","1","PASS","raw/blind/C1/etp/第一次加压/405000.csv","5708598","f7936d5bd1e5af25627cd1e8afa6f9b8cc4ea42072fdf36a1b867885ff8e5281"
"blind","magnetic_shared_MEM_remanence","C1","S1","1","PASS","raw/blind/C1/magnetic/第一次加压/105000.csv","115396510","907397de5aece9a47c9d4d5cebe0f57c8bb0e302506e669b12e7d40f21d4efa4"
"blind","magnetic_shared_MEM_remanence","C1","S1","1","PASS","raw/blind/C1/magnetic/第一次加压/30000.csv","115078445","febff03e2894353ee24ad01e094362e0cb0eed45382b6af0de07aa86fd98f3c7"
"blind","magnetic_shared_MEM_remanence","C1","S1","1","PASS","raw/blind/C1/magnetic/第一次加压/45000.csv","115133129","e8111e82018781df82e8274a2192ed99310c9a427a3fe9681bcd41c9330edda1"
"blind","magnetic_shared_MEM_remanence","C1","S1","1","PASS","raw/blind/C1/magnetic/第一次加压/60000.csv","115167007","81d30733453413df85d38c9d93ca9235ebb801b6c1f3780b2dd3e5599d1962cd"
"blind","magnetic_shared_MEM_remanence","C1","S1","1","PASS","raw/blind/C1/magnetic/第一次加压/75000.csv","114798355","33a33f57be8ae1ec5c687342bfdb2f42869cc950aa862f1b63b92b3b1c4ba684"
"blind","magnetic_shared_MEM_remanence","C1","S1","1","PASS","raw/blind/C1/magnetic/第一次加压/90000.csv","114953480","5332239a395d6e4a6f5ef61cd9c58490a785c8b33a55ea9d2820b4c22a28d76c"
"blind","ETP_eddy_current","C1","S2","2","PASS","raw/blind/C1/etp/第二次加压/420000.csv","5641490","31c19a38e08b1c72b84465a5f405d817c8ab7923d11c5f95c7ac41af6f8b01a2"
"blind","ETP_eddy_current","C1","S2","2","PASS","raw/blind/C1/etp/第二次加压/435000.csv","5611841","b9388c0c7f4200f65b20db323ae5064879c1c270682a9cbaccda4ae872c2dd9c"
"blind","ETP_eddy_current","C1","S2","2","PASS","raw/blind/C1/etp/第二次加压/450000.csv","5628992","518ddf8ae726ecd8636fe7496715523cdc6c7d9f3315beef0358b0e3f7d683ba"
"blind","ETP_eddy_current","C1","S2","2","PASS","raw/blind/C1/etp/第二次加压/465000.csv","5623682","31f949bc8208c0fec630f3ecdd40b10fc32d4a39975162da70e0c535f82081b1"
"blind","ETP_eddy_current","C1","S2","2","PASS","raw/blind/C1/etp/第二次加压/480000.csv","5672131","610e6959bfd53fbbb3f01037234fedfcba25094dfc5619023b5408e4e8aee369"
"blind","magnetic_shared_MEM_remanence","C1","S2","2","PASS","raw/blind/C1/magnetic/第二次加压/30000.csv","114964674","d1f922e5e3b2ab63e866165090dab0311bbb73b89d429326fb5678f73bb250a7"
"blind","magnetic_shared_MEM_remanence","C1","S2","2","PASS","raw/blind/C1/magnetic/第二次加压/45000.csv","115195525","bc6a973ea598837da7d0ebbb49e1165482a477255e2c06bb13573a66dcd59565"
"blind","magnetic_shared_MEM_remanence","C1","S2","2","PASS","raw/blind/C1/magnetic/第二次加压/60000.csv","114800123","ce67b8dd78436906fdea20dcf021ba2822cd5c6abe8254c4af3a729c8ab45636"
"blind","magnetic_shared_MEM_remanence","C1","S2","2","PASS","raw/blind/C1/magnetic/第二次加压/75000.csv","114814842","471eeec0f56d66609b26ca7934e0d1e5aaa510e813433d644f09c20e06d188a4"
"blind","magnetic_shared_MEM_remanence","C1","S2","2","PASS","raw/blind/C1/magnetic/第二次加压/90000.csv","115230296","8bd6e3ec5811787f3ab423b3e0ff84095d357d3a82765573426fa8836a75fa9a"
"blind","ETP_eddy_current","C1","S3","3","PASS","raw/blind/C1/etp/第三次加压/675000.csv","5681462","6246502b1e3c89451b96484b534e08823bfc008c5b571044ca812a037ab4af7d"
"blind","ETP_eddy_current","C1","S3","3","PASS","raw/blind/C1/etp/第三次加压/690000.csv","5612710","7508eb947caa7d657cc420acede1922211a1259dae692c46dad56dda362cc944"
"blind","ETP_eddy_current","C1","S3","3","PASS","raw/blind/C1/etp/第三次加压/705000.csv","5623934","2c24c9909091755248d4546fc773a28203a18cb2905807024df57ff405034335"
"blind","ETP_eddy_current","C1","S3","3","PASS","raw/blind/C1/etp/第三次加压/720000.csv","5610943","897c0ccbb737400033112670bd83a3a167a78c8d1b5c902bc85e18b222acad71"
"blind","ETP_eddy_current","C1","S3","3","PASS","raw/blind/C1/etp/第三次加压/735000.csv","5649629","8f5afec3131774ce0cb59f8076aa073b44f593af09ba4221ae4b76b9f2063ce0"
"blind","magnetic_shared_MEM_remanence","C1","S3","3","PASS","raw/blind/C1/magnetic/第三次加压/105000.csv","114927511","a7d8306c42f9a609bb141166e94d26ffdc6e38f184b41dcbc5dadd03da35589f"
"blind","magnetic_shared_MEM_remanence","C1","S3","3","PASS","raw/blind/C1/magnetic/第三次加压/120000.csv","114784166","e3aecff8c46ea6ee568de79b0ae77698c527dcdac1435ca1fb06da76b51b4240"
"blind","magnetic_shared_MEM_remanence","C1","S3","3","PASS","raw/blind/C1/magnetic/第三次加压/135000.csv","115253206","5754ae5a1682d7a304bade56892ae31a1f34684adcdadb5793a761ce14b60df8"
"blind","magnetic_shared_MEM_remanence","C1","S3","3","PASS","raw/blind/C1/magnetic/第三次加压/75000.csv","114978763","9787604f50d5ef13a0f855a83f69789b12131f038f44bc43f273417b2a3f61f4"
"blind","magnetic_shared_MEM_remanence","C1","S3","3","PASS","raw/blind/C1/magnetic/第三次加压/90000.csv","115245332","a0f1ef84cb3b77ad1769b8bda8e766078825624144eb1d63eb2a61d69eb5412c"
"blind","ETP_eddy_current","C1","S4","4","PASS","raw/blind/C1/etp/第四次加压/735000.csv","5668026","9c07e8bb239544b45c290c668206bc83f0f477b3b63e2c46744e6db9dd6ee0ac"
"blind","ETP_eddy_current","C1","S4","4","PASS","raw/blind/C1/etp/第四次加压/750000.csv","5589588","1a2891cbd3d51ae3707fc1a35165761d53ecd9e7ef87689332ac621c7a5f430f"
"blind","ETP_eddy_current","C1","S4","4","PASS","raw/blind/C1/etp/第四次加压/765000.csv","5610663","00065e8251852c144acc6c90846d0b84f4c3f433ac602cacdc9e9eedc1df829b"
"blind","ETP_eddy_current","C1","S4","4","PASS","raw/blind/C1/etp/第四次加压/780000.csv","5634546","8788d5d7500cbd47a7a261706c8339d414acaab907998301d2b9b7abb4bfe19c"
"blind","ETP_eddy_current","C1","S4","4","PASS","raw/blind/C1/etp/第四次加压/795000.csv","5647062","ee76e7b1c9673506cfaadba86f91b8605bc1d68a691a7b085e8733e60000ed90"
"blind","ETP_eddy_current","C1","S4","4","PASS","raw/blind/C1/etp/第四次加压/810000.csv","5751007","edd5ef1edffcb2272daf891b6f259feb4498d6fc7c5dddcf809517ab94e18b72"
"blind","magnetic_shared_MEM_remanence","C1","S4","4","PASS","raw/blind/C1/magnetic/第四次加压/30000.csv","114688080","738ac6fa18ec445a764bd77fceeb81289a29db4eae3390368f257336897fc171"
"blind","magnetic_shared_MEM_remanence","C1","S4","4","PASS","raw/blind/C1/magnetic/第四次加压/45000.csv","115284020","ed931463d6c627fe5b2e2fbf8a2e242eca714ed04041da8d0e95e4e1887b1929"
"blind","magnetic_shared_MEM_remanence","C1","S4","4","PASS","raw/blind/C1/magnetic/第四次加压/60000.csv","115132447","ba396e8dd6cb2155addb09d87fe90a6297cb93a909d6a4446751345fbb5cacba"
"blind","magnetic_shared_MEM_remanence","C1","S4","4","PASS","raw/blind/C1/magnetic/第四次加压/75000.csv","114838275","22ba23f40eeb22d56050394ab4ff75df66e0ecdb5b2e1de747b7421f008cbfc0"
"blind","magnetic_shared_MEM_remanence","C1","S4","4","PASS","raw/blind/C1/magnetic/第四次加压/90000.csv","115119194","1aea9e32c5ac37f4497227589f331040d566a88c8ee6e1225752c9696a53eedd"
"blind","ETP_eddy_current","C1","S5","5","PASS","raw/blind/C1/etp/第五次加压/675000.csv","5758106","ca48cb35450a048e6b130d2d50f712910e6ab4226cb0f272dcf8e8cff0386963"
"blind","ETP_eddy_current","C1","S5","5","PASS","raw/blind/C1/etp/第五次加压/690000.csv","5697788","4c529919b7145b7eec83da7f4644647144e62375119fd1faf362d66faf47f339"
"blind","ETP_eddy_current","C1","S5","5","PASS","raw/blind/C1/etp/第五次加压/705000.csv","5687990","eb33beefa5dd489eb9c1dcb8af90f1da3a4318446ac61d042a0b5e7aa3e39d94"
"blind","ETP_eddy_current","C1","S5","5","PASS","raw/blind/C1/etp/第五次加压/720000.csv","5659273","0b6044ab55bce1b50cff9581839ec169104a28394843eaf4c8663c1b3ba91b01"
"blind","ETP_eddy_current","C1","S5","5","PASS","raw/blind/C1/etp/第五次加压/735000.csv","5674673","a0dc565b879c7088b326f37c68d4fd2d58235f9aa254cb87fda089aed95fa441"
"blind","ETP_eddy_current","C1","S5","5","PASS","raw/blind/C1/etp/第五次加压/750000.csv","5747885","c8b3532bd49e1f60e9ea01bc5de451d74310846efd6c5a30775d8660e1dbbca3"
"blind","magnetic_shared_MEM_remanence","C1","S5","5","PASS","raw/blind/C1/magnetic/第五次加压/105000.csv","115361264","81d57e1342c7a16f874f94c1a52c3bcce253ef466023ac6e836e74d9cff3a9b9"
"blind","magnetic_shared_MEM_remanence","C1","S5","5","PASS","raw/blind/C1/magnetic/第五次加压/120000.csv","115008475","5d5f0aed2a9c8d334eb8d297d438edc019ab6abf81bed31dc1d1c527884b5b0d"
"blind","magnetic_shared_MEM_remanence","C1","S5","5","PASS","raw/blind/C1/magnetic/第五次加压/135000.csv","115207141","df9a66897bb21eaa0eeabcdf0363466490666e9ad3732cd92c9862b3af14990a"
"blind","magnetic_shared_MEM_remanence","C1","S5","5","PASS","raw/blind/C1/magnetic/第五次加压/150000.csv","115647277","466ec5f4564628cdbd971c5dbe31a181405fda35ffd080fc1e15a48c67c3c10e"
"blind","magnetic_shared_MEM_remanence","C1","S5","5","PASS","raw/blind/C1/magnetic/第五次加压/75000.csv","114569091","0ea0a7f4fb1490e3b71b056882107703185ba2c70333902c0c1152129b9a0328"
"blind","magnetic_shared_MEM_remanence","C1","S5","5","PASS","raw/blind/C1/magnetic/第五次加压/90000.csv","115416069","e0f0eb2734e9b45368d627f6981506128230e17a96c33b9254ef4484b18cfb73"
"blind","ETP_eddy_current","C1","S6","6","PASS","raw/blind/C1/etp/第六次加压/720000.csv","5684560","8fef7c8092a7f7b2fcab4ee08e2f3e2a2e51d32ca1312b568f1da2a22e41903d"
"blind","ETP_eddy_current","C1","S6","6","PASS","raw/blind/C1/etp/第六次加压/735000.csv","5600265","69eb6621abbf6eeba6e9d825419823c2519f5c4fd3286b0e711118b86b348198"
"blind","ETP_eddy_current","C1","S6","6","PASS","raw/blind/C1/etp/第六次加压/750000.csv","5617419","517e164cc25aeb6dc9fd79fb449659660d26318528070542e4347e750f0d7c62"
"blind","ETP_eddy_current","C1","S6","6","PASS","raw/blind/C1/etp/第六次加压/765000.csv","5634252","605f7d36cf7c5fa81c7c3521d5aded83423274b8306dd95c15268327bfeb823c"
"blind","ETP_eddy_current","C1","S6","6","PASS","raw/blind/C1/etp/第六次加压/780000.csv","5645092","88da30d9062c92e53f9cdd6bd3a73ed93a4d8068a8f0a7b0d70ca2620be098f4"
"blind","ETP_eddy_current","C1","S6","6","PASS","raw/blind/C1/etp/第六次加压/795000.csv","5749150","a1e12c8ddf3018e7fefe31146f0f4f917a7893e18ec278fe83275f3682ff680b"
"blind","magnetic_shared_MEM_remanence","C1","S6","6","PASS","raw/blind/C1/magnetic/第六次加压/30000.csv","114707483","63044d3189312a413912c031f10543dcedfb0315144f23bf66e705623f218cf8"
"blind","magnetic_shared_MEM_remanence","C1","S6","6","PASS","raw/blind/C1/magnetic/第六次加压/45000.csv","115268677","e27ae5bc42180283f9ee85139e91219d308c66c9e151641938c3725a22c21d70"
"blind","magnetic_shared_MEM_remanence","C1","S6","6","PASS","raw/blind/C1/magnetic/第六次加压/60000.csv","115018631","91cc40a3b16e107b4c6b0a387214e932a46d50f4e2a236fcb1cc5d443b512987"
"blind","magnetic_shared_MEM_remanence","C1","S6","6","PASS","raw/blind/C1/magnetic/第六次加压/75000.csv","114743174","5eb3cb7e26eb56f62e38faad03c8ed5b4000454ca2cc48ac0ccaec0f44f30857"
"blind","magnetic_shared_MEM_remanence","C1","S6","6","PASS","raw/blind/C1/magnetic/第六次加压/90000.csv","115317613","5ab1da364c018f66763f8d44207b3f9b77adb7a5418a275208320b3a31220672"
"blind","ETP_eddy_current","C2","S0","0","PASS","raw/blind/C2/etp/零压力测试/225000.csv","5670990","a1830169f6b5d537dac9aeada54e012941e597b4a7549bd2530f1b7cf7331e85"
"blind","ETP_eddy_current","C2","S0","0","PASS","raw/blind/C2/etp/零压力测试/240000.csv","5642175","988265c3b7bd664563f1ebdaaa0fe9a56167d2bf7198d874ce5cd8674e64149a"
"blind","ETP_eddy_current","C2","S0","0","PASS","raw/blind/C2/etp/零压力测试/255000.csv","5640517","14dcc3a57735dd8879b0f203445fa0ff7d8cf1aed5a08ec67b9fd54ca2e9c5cc"
"blind","ETP_eddy_current","C2","S0","0","PASS","raw/blind/C2/etp/零压力测试/270000.csv","5631370","960654a04859fd5d36870d7ca2d4953997bc51fa206021d522b87f1598daa5d2"
"blind","ETP_eddy_current","C2","S0","0","PASS","raw/blind/C2/etp/零压力测试/285000.csv","5651623","7fe2afc8c99f4a7dd50f785c6432f7092943746bb26ba03cbe1f75db49620b17"
"blind","magnetic_shared_MEM_remanence","C2","S0","0","PASS","raw/blind/C2/magnetic/零压力测试/15000.csv","114564473","02e6334993107d5a4321cd90a3a61300b29ee23436662d3069da63a901727859"
"blind","magnetic_shared_MEM_remanence","C2","S0","0","PASS","raw/blind/C2/magnetic/零压力测试/30000.csv","115177214","ceaee0db30ad3f9bbe566b5bf841fd2090dc99b868058b94eafb3d5ffc30dc25"
"blind","magnetic_shared_MEM_remanence","C2","S0","0","PASS","raw/blind/C2/magnetic/零压力测试/45000.csv","115029396","329507bf2b8bdec8629a97de9fbce294a78060fe4a33993b5ee254d783663c99"
"blind","magnetic_shared_MEM_remanence","C2","S0","0","PASS","raw/blind/C2/magnetic/零压力测试/60000.csv","114744879","1c1b3b01b08ae47e7fead3d1b7e6dfff3a24b168f8cdafe0b4ce81b1641ad5be"
"blind","magnetic_shared_MEM_remanence","C2","S0","0","PASS","raw/blind/C2/magnetic/零压力测试/75000.csv","115119713","c2353088bd2dc9874f489533b1e193a0cc2fc60a21725e3cb1a824a646f4f64f"
"blind","ETP_eddy_current","C2","S1","1","PASS","raw/blind/C2/etp/第一次加压/675000.csv","5704704","9d049ab20bfe93654e7865f4c85e27c269b6e63ceb030831471fb7bae5755bec"
"blind","ETP_eddy_current","C2","S1","1","PASS","raw/blind/C2/etp/第一次加压/690000.csv","5624311","ad0a7d1ae4006f4d474b4d1c95fc5cf5221dee32affbbbc77664f6365ec04af6"
"blind","ETP_eddy_current","C2","S1","1","PASS","raw/blind/C2/etp/第一次加压/705000.csv","5628087","642d1e118fa538f4f3d81bc4a208eed67d48f3a59d0484128db0b47eba03fb9b"
"blind","ETP_eddy_current","C2","S1","1","PASS","raw/blind/C2/etp/第一次加压/720000.csv","5613741","097cc02e4ca25e37a9ba3d8da201d9fae53c2f77ca699392a4bb07566c9dd43d"
"blind","ETP_eddy_current","C2","S1","1","PASS","raw/blind/C2/etp/第一次加压/735000.csv","5635549","2ca266dea5e1f438ee44cceb87096a3b788cd02c66028da08ac37989b6926984"
"blind","ETP_eddy_current","C2","S1","1","PASS","raw/blind/C2/etp/第一次加压/750000.csv","5717427","9aac8170378940ddc1e9681604919537a87268107be863cdb7b8a924fddc3458"
"blind","magnetic_shared_MEM_remanence","C2","S1","1","PASS","raw/blind/C2/magnetic/第一次加压/0.csv","114592359","14e963eba13a2bea0667fa78ded8595517e9f8b1ff804e50f764338286160276"
"blind","magnetic_shared_MEM_remanence","C2","S1","1","PASS","raw/blind/C2/magnetic/第一次加压/15000.csv","115211488","ec12bd4c986b74d91301276d5f08fcec759335e7f2f49d70cfef48ae18ce6b4a"
"blind","magnetic_shared_MEM_remanence","C2","S1","1","PASS","raw/blind/C2/magnetic/第一次加压/30000.csv","115101082","4ba7b8321dc0629a0ebee35e6252fadbb7a6108e14a5e797efe0886adcf2718d"
"blind","magnetic_shared_MEM_remanence","C2","S1","1","PASS","raw/blind/C2/magnetic/第一次加压/45000.csv","114749432","aa0a588cfbefdaa2c69cec0b636b86b59cdba23577e70f1eb69b5e6ae088c69d"
"blind","magnetic_shared_MEM_remanence","C2","S1","1","PASS","raw/blind/C2/magnetic/第一次加压/60000.csv","115056083","7d355fa9231729839818eefd3087a141697548374fd53b27a64f12bcbad80290"
"blind","documentation","C2","S2","2","SOURCE_NOTE_FOR_MAGNETIC_REJECT","raw/blind/C2/magnetic/第二次加压/Readme.txt","60","e9babf2b4ddd4853b938b95fcfb85db55be1ea50159081acbeedd8b758d39b24"
"blind","ETP_eddy_current","C2","S2","2","PASS_ETP_PAIRED_MAGNETIC_REJECT","raw/blind/C2/etp/第二次加压/630000.csv","5660245","70956000d355d0caa1985062c5cc0512656c8dee10164872f24486288b2e55f9"
"blind","ETP_eddy_current","C2","S2","2","PASS_ETP_PAIRED_MAGNETIC_REJECT","raw/blind/C2/etp/第二次加压/645000.csv","5648143","e72016e80590f37fb593c87ef76d9b30201d94ca9aa55115f325a32903902f85"
"blind","ETP_eddy_current","C2","S2","2","PASS_ETP_PAIRED_MAGNETIC_REJECT","raw/blind/C2/etp/第二次加压/660000.csv","5646771","fd9ae83ab703f031cea41e6dc934526ea6cd7b4bacfc4e533a2e32bc8664fc61"
"blind","ETP_eddy_current","C2","S2","2","PASS_ETP_PAIRED_MAGNETIC_REJECT","raw/blind/C2/etp/第二次加压/675000.csv","5634180","d1c977609c64c69a8e60edb7498c9065b2be451dab6ab5272dde1cf0847cd0ee"
"blind","ETP_eddy_current","C2","S2","2","PASS_ETP_PAIRED_MAGNETIC_REJECT","raw/blind/C2/etp/第二次加压/690000.csv","5661004","067a8db9c8ac50df5fc1621563326d1245f9fde3719d2f99ed58d212ac6257d3"
"blind","ETP_eddy_current","C2","S2","2","PASS_ETP_PAIRED_MAGNETIC_REJECT","raw/blind/C2/etp/第二次加压/705000.csv","5755261","c6e6cabcd78c55b78f24ee7ac595c834f18fc2ff1256257152bb1856ad1b413e"
"blind","magnetic_shared_MEM_remanence","C2","S2","2","REJECT_WELD_NOT_CENTERED","raw/blind/C2/magnetic/第二次加压/105000.csv","115726806","81f766272436fd17e5b03161892fd1342b8f39cf7aa6b0bca0987c2ad2ccae1c"
"blind","magnetic_shared_MEM_remanence","C2","S2","2","REJECT_WELD_NOT_CENTERED","raw/blind/C2/magnetic/第二次加压/120000.csv","115729970","f681beea3cfe87737ab89cedf1b87e103ec83bf5519f516136eff4a0fee34599"
"blind","magnetic_shared_MEM_remanence","C2","S2","2","REJECT_WELD_NOT_CENTERED","raw/blind/C2/magnetic/第二次加压/135000.csv","115731030","e946a8530d31700a45883521fcdc2929d27b8c45dc26189c9cdf7cfecc62d88e"
"blind","magnetic_shared_MEM_remanence","C2","S2","2","REJECT_WELD_NOT_CENTERED","raw/blind/C2/magnetic/第二次加压/150000.csv","115710537","a098549987f668dd7fb9082ceb00c965dcec8fd019a94cea7950031e51558124"
"blind","magnetic_shared_MEM_remanence","C2","S2","2","REJECT_WELD_NOT_CENTERED","raw/blind/C2/magnetic/第二次加压/165000.csv","12134206","86eed1665a457271f7e9befde24288d51432a37faf1e0184c274bc17806908f3"
"blind","magnetic_shared_MEM_remanence","C2","S2","2","REJECT_WELD_NOT_CENTERED","raw/blind/C2/magnetic/第二次加压/30000.csv","114695062","1cf2fe0b86539db5de1d5636f9f3c9ef2f9c47250a3989380fe38a680116b8e9"
"blind","magnetic_shared_MEM_remanence","C2","S2","2","REJECT_WELD_NOT_CENTERED","raw/blind/C2/magnetic/第二次加压/45000.csv","115203810","91524e0e9c114f44bd18a6ce8af33470e405fe8a8b86777f68fd08799c8c8386"
"blind","magnetic_shared_MEM_remanence","C2","S2","2","REJECT_WELD_NOT_CENTERED","raw/blind/C2/magnetic/第二次加压/60000.csv","114862568","0af203b41507eb6d6acf97bba49d3c81859a82a3249ff5e532b80e284e3a14bf"
"blind","magnetic_shared_MEM_remanence","C2","S2","2","REJECT_WELD_NOT_CENTERED","raw/blind/C2/magnetic/第二次加压/75000.csv","115161426","e76fe65377d93e235b2fa267ea8aeb2c581433522227c988794fb668ebee6945"
"blind","magnetic_shared_MEM_remanence","C2","S2","2","REJECT_WELD_NOT_CENTERED","raw/blind/C2/magnetic/第二次加压/90000.csv","115728140","d12ff7904234943ae25d38607bbdd7d68d53e0e05762b2162a55dd878b1e0815"
"blind","ETP_eddy_current","C2","S3","3","PASS","raw/blind/C2/etp/第三次加压/375000.csv","5679551","b85d31b19a4dd28a14fe4c370f0e31c007bda7056d6586cb86025399127a7ca9"
"blind","ETP_eddy_current","C2","S3","3","PASS","raw/blind/C2/etp/第三次加压/390000.csv","5638376","501ce3627c3d6432ade750f90d10d9dac7e3c21234ebb3b6a02b91af25ea0704"
"blind","ETP_eddy_current","C2","S3","3","PASS","raw/blind/C2/etp/第三次加压/405000.csv","5636840","1ff5e3e01f5edb288a6175ca9efd8847dde82b5fd83f31a3461f42660919154c"
"blind","ETP_eddy_current","C2","S3","3","PASS","raw/blind/C2/etp/第三次加压/420000.csv","5621524","84fc2161d8268d0bbce1f54b1fdc3abf6fa852d9dd3bbd84b916b0e75e14b34a"
"blind","ETP_eddy_current","C2","S3","3","PASS","raw/blind/C2/etp/第三次加压/435000.csv","5625971","462d52ba5e728019e0840139630fef619e7497e26d5818d112c793334bea96ed"
"blind","ETP_eddy_current","C2","S3","3","PASS","raw/blind/C2/etp/第三次加压/450000.csv","5716099","c88bb2ac4540795bc4aec62f70c1c54db3986e6e1fdc7527e54ca9254dc62e3e"
"blind","magnetic_shared_MEM_remanence","C2","S3","3","PASS","raw/blind/C2/magnetic/第三次加压/105000.csv","115151862","802e564248ff16adbb36e20ccc62753510b9f2c502f4c6b5e3936f89fe8b9166"
"blind","magnetic_shared_MEM_remanence","C2","S3","3","PASS","raw/blind/C2/magnetic/第三次加压/120000.csv","114899588","e1eea83cc7d35b86d8e7974cc70fcba0f05cadde16fdaf54cba9d1ad41cab138"
"blind","magnetic_shared_MEM_remanence","C2","S3","3","PASS","raw/blind/C2/magnetic/第三次加压/135000.csv","115354730","f9a533d7d6150890ff7f344ccce01503d0cfae006bbf55dfd90614ab8b487f3c"
"blind","magnetic_shared_MEM_remanence","C2","S3","3","PASS","raw/blind/C2/magnetic/第三次加压/150000.csv","115751760","9c7d4e524176b6beaf2bedd994ed24a5208ebf90baa665d25e419b0eeb9112d6"
"blind","magnetic_shared_MEM_remanence","C2","S3","3","PASS","raw/blind/C2/magnetic/第三次加压/75000.csv","114630567","20a0fde5e4c445db4b4c35f895cbeb7d00aae5174d0f254b150e8770bd9cd856"
"blind","magnetic_shared_MEM_remanence","C2","S3","3","PASS","raw/blind/C2/magnetic/第三次加压/90000.csv","115437851","4cf128d534a2a250cf83a928a0d2e8c157b751eac1310ed6353a7c52586e1a6a"
"blind","ETP_eddy_current","C2","S4","4","PASS","raw/blind/C2/etp/第四次加压/660000.csv","5628792","ac9eefda946106f91a434c922b0ca7ca2a49a328db3caef6c6d325903da0c094"
"blind","ETP_eddy_current","C2","S4","4","PASS","raw/blind/C2/etp/第四次加压/675000.csv","5641165","f27827df3852c3fda72ed5ff24172f8072e1ae38110623b6ec13839d02ced9f6"
"blind","ETP_eddy_current","C2","S4","4","PASS","raw/blind/C2/etp/第四次加压/690000.csv","5638281","99c9e67183230dbc52849b6d0d513f563f337287678636e9928942b60df535a8"
"blind","ETP_eddy_current","C2","S4","4","PASS","raw/blind/C2/etp/第四次加压/705000.csv","5639022","7e2686b864886b94000cc6b89dbcf3eed3d5f8f277d8b5f912db06c8f8ef2d31"
"blind","ETP_eddy_current","C2","S4","4","PASS","raw/blind/C2/etp/第四次加压/720000.csv","5633488","d72955a4b575cbd77970aa2eb72a5db033f6309aa2b4b3977bca29fcbbcf2391"
"blind","ETP_eddy_current","C2","S4","4","PASS","raw/blind/C2/etp/第四次加压/735000.csv","5695959","8353382d0d003fe60f24fd5530a53b91ecb84935703d588ad019f25c25057917"
"blind","magnetic_shared_MEM_remanence","C2","S4","4","PASS","raw/blind/C2/magnetic/第四次加压/105000.csv","114834821","9c69c7e817bbdd8ac834a64d6f958d7bd3ff3a509b3c61e10851651a62c4ae78"
"blind","magnetic_shared_MEM_remanence","C2","S4","4","PASS","raw/blind/C2/magnetic/第四次加压/120000.csv","114580901","5dc043f6372e8e02eb1a7b34c05f15cfce146780e71bc89dd2be419ba360e813"
"blind","magnetic_shared_MEM_remanence","C2","S4","4","PASS","raw/blind/C2/magnetic/第四次加压/135000.csv","115461064","8f7ef1bcd974053b5e1304d40165d3a9460e6b383e418660900dab4f1605dffd"
"blind","magnetic_shared_MEM_remanence","C2","S4","4","PASS","raw/blind/C2/magnetic/第四次加压/75000.csv","114749086","3ac7de8ac7bc697c295e61a04b0b0192f27dfb64b8dcb55e28d3b22b183fbb1b"
"blind","magnetic_shared_MEM_remanence","C2","S4","4","PASS","raw/blind/C2/magnetic/第四次加压/90000.csv","115155858","e5af8a2e92ba67dabfda34f7746d8bf090087c9e51a18914176d2dc9142ae533"
"blind","ETP_eddy_current","C2","S5","5","PASS","raw/blind/C2/etp/第五次加压/630000.csv","5753729","06bde20ea28016b3ec5a4318f5d1f16f3fbfc77dc49336f60e2669c44ff90ed0"
"blind","ETP_eddy_current","C2","S5","5","PASS","raw/blind/C2/etp/第五次加压/645000.csv","5661224","6ef8342c42323f3f1e87354528696b0ab7e16a22cb59de6515a974ce8e7e6169"
"blind","ETP_eddy_current","C2","S5","5","PASS","raw/blind/C2/etp/第五次加压/660000.csv","5647218","58a4e415253acaec931bd34a45cc70510f37d352d426234bedba716eacef749d"
"blind","ETP_eddy_current","C2","S5","5","PASS","raw/blind/C2/etp/第五次加压/675000.csv","5622914","c1d1acda1a00e13d3bfea8d75b4813d6e35ffe9b9940e79dab010f2273045dd4"
"blind","ETP_eddy_current","C2","S5","5","PASS","raw/blind/C2/etp/第五次加压/690000.csv","5613561","a1b7181a23751ff7d9dff078cea0ac6ca78a625bee4f6bd9adef2a31a68f1a61"
"blind","ETP_eddy_current","C2","S5","5","PASS","raw/blind/C2/etp/第五次加压/705000.csv","5660266","954cb257820bb0706fc6739ea1241ea5fcf4e7b3a4f306886ada2a8b3249e07c"
"blind","magnetic_shared_MEM_remanence","C2","S5","5","PASS","raw/blind/C2/magnetic/第五次加压/105000.csv","115629975","fa1a719ee3f260efd095010b2ac30fd27cc5451cdb9f899f1b17e6a447072370"
"blind","magnetic_shared_MEM_remanence","C2","S5","5","PASS","raw/blind/C2/magnetic/第五次加压/45000.csv","114942552","7ade4489527cd872f55e26821645308c204b5ac452983bff5fe1af2d0c38f21d"
"blind","magnetic_shared_MEM_remanence","C2","S5","5","PASS","raw/blind/C2/magnetic/第五次加压/60000.csv","115156449","b0ba6b8618924100a04bda455d374eef24aa306863939b4d04e21b40acccb4a2"
"blind","magnetic_shared_MEM_remanence","C2","S5","5","PASS","raw/blind/C2/magnetic/第五次加压/75000.csv","114812503","91e25d64d34f62f8fd05f333eab861b59ca665cbc30a6a6e474483c1b889e7a9"
"blind","magnetic_shared_MEM_remanence","C2","S5","5","PASS","raw/blind/C2/magnetic/第五次加压/90000.csv","114580160","4af7e486baeb94c07b0ef47aab47769e9da69bad741aa27f22411c3bc0d3d7ad"
"blind","ETP_eddy_current","C2","S6","6","PASS","raw/blind/C2/etp/第六次加压/675000.csv","5628030","f922e3d80f78fe9a2208c716e71f2aafd271c929b263fa12a5eca20d41064a6f"
"blind","ETP_eddy_current","C2","S6","6","PASS","raw/blind/C2/etp/第六次加压/690000.csv","5595219","2ed1e57e984ef6b29115717f60ef5dc26d6a95444cc37a35c0aff4baedf3b5e3"
"blind","ETP_eddy_current","C2","S6","6","PASS","raw/blind/C2/etp/第六次加压/705000.csv","5578536","67c9ab0ff6cab241e2129f13d9f2d8d8ab77e4fd27d1c5bc4b21a61cc6eec4c8"
"blind","ETP_eddy_current","C2","S6","6","PASS","raw/blind/C2/etp/第六次加压/720000.csv","5577467","beb711bb3558c1de9cca67004bdbf0a8d7997f48470e29e3a6c1cd7bf7a06cab"
"blind","ETP_eddy_current","C2","S6","6","PASS","raw/blind/C2/etp/第六次加压/735000.csv","5673305","70248daaadba1fc4966371135e2a514f60da2251a281ed6694438b1c74b5c512"
"blind","magnetic_shared_MEM_remanence","C2","S6","6","PASS","raw/blind/C2/magnetic/第六次加压/105000.csv","115152651","3854840d69834a7d7495d935ea576ff16ddac9f6033087ba2dd2f2c41361ef37"
"blind","magnetic_shared_MEM_remanence","C2","S6","6","PASS","raw/blind/C2/magnetic/第六次加压/120000.csv","115121900","a035d55f21802dc58c3924665e7c0a527af28b5007a21db90dd9541db9649322"
"blind","magnetic_shared_MEM_remanence","C2","S6","6","PASS","raw/blind/C2/magnetic/第六次加压/135000.csv","115747583","f3c9b681d50221753dd0584ad58d5059c02c6d23e565492fc7d2cbb97c80c24c"
"blind","magnetic_shared_MEM_remanence","C2","S6","6","PASS","raw/blind/C2/magnetic/第六次加压/60000.csv","114476634","2b6ceb3958305d3520a01256006d374eba86b1c1c36c83f7e2533521ff395637"
"blind","magnetic_shared_MEM_remanence","C2","S6","6","PASS","raw/blind/C2/magnetic/第六次加压/75000.csv","115333827","4d31c50f5db811e3e03ce79608f76d574d9eca9570b41e93f05c82f8269eb9c7"
"blind","magnetic_shared_MEM_remanence","C2","S6","6","PASS","raw/blind/C2/magnetic/第六次加压/90000.csv","115509937","6da6a3977265d4113014b59861cee5e2dde2cda8c75808ec12f69251853ab8c2"
"blind","ETP_eddy_current","C3","S0","0","PASS","raw/blind/C3/etp/零压力测试/285000.csv","5632239","a2e3b044c637510af1120a87945c48d629bd67a8a9f3320b3bb4b24cb531264e"
"blind","ETP_eddy_current","C3","S0","0","PASS","raw/blind/C3/etp/零压力测试/300000.csv","5591590","b32da6980a69b60b3440fd0a691dbf1ff32972fe61fa66af1ac354cd4762b32f"
"blind","ETP_eddy_current","C3","S0","0","PASS","raw/blind/C3/etp/零压力测试/315000.csv","5587029","1623079d87236617075d7de48bdffe961a09f4deb9f8280798c69980f0b9e182"
"blind","ETP_eddy_current","C3","S0","0","PASS","raw/blind/C3/etp/零压力测试/330000.csv","5591584","3ecfc3857da56b74d95ec8891e642b9f5065cbc991c4b69cdddb0b71cdbfbc39"
"blind","ETP_eddy_current","C3","S0","0","PASS","raw/blind/C3/etp/零压力测试/345000.csv","5651995","58f8558395c9cc6718e056147d1eaeada0dadcbae502601e320ba4113dde2ba8"
"blind","magnetic_shared_MEM_remanence","C3","S0","0","PASS","raw/blind/C3/magnetic/零压力测试/105000.csv","114605004","b510b0f49b6a2f70fb4a7771595f9aaa48d3f0ab3244b000414bf0a3b9b864f7"
"blind","magnetic_shared_MEM_remanence","C3","S0","0","PASS","raw/blind/C3/magnetic/零压力测试/120000.csv","114755502","1714b18ed64a9cf0c9bb6a64a3fc3877b5b47924b7eeeed24eeb1b58e4da1506"
"blind","magnetic_shared_MEM_remanence","C3","S0","0","PASS","raw/blind/C3/magnetic/零压力测试/135000.csv","115639662","c4d7e0ea519e98f73db33de0a75b2aec1093678078cac1434fb3ba9b54998010"
"blind","magnetic_shared_MEM_remanence","C3","S0","0","PASS","raw/blind/C3/magnetic/零压力测试/60000.csv","114651079","5ed3b37966f609bd133fa73b8d44443d54771f8410fe7d7229f9e559690acd9d"
"blind","magnetic_shared_MEM_remanence","C3","S0","0","PASS","raw/blind/C3/magnetic/零压力测试/75000.csv","114986480","c90e7e93dcb0744df55088c127d92b8ffb563a16b802afdaaa3c7aadc152e591"
"blind","magnetic_shared_MEM_remanence","C3","S0","0","PASS","raw/blind/C3/magnetic/零压力测试/90000.csv","114994294","48d540de28851794fcf93513d7da3335189793e69e6e8db4d2b5204308c98e54"
"blind","ETP_eddy_current","C3","S1","1","PASS","raw/blind/C3/etp/第一次加压/480000.csv","5724394","ad9d28c50bcaa5ad91ec5ec522287115e97c80b884cd9bff475e72c21d5d4128"
"blind","ETP_eddy_current","C3","S1","1","PASS","raw/blind/C3/etp/第一次加压/495000.csv","5633850","bf7c8bea4080dcf3103fbd5999ff17068efe3e76a92f17584fc77d3681cf0f7d"
"blind","ETP_eddy_current","C3","S1","1","PASS","raw/blind/C3/etp/第一次加压/510000.csv","5613761","67bc49633bf7eca001580ed8734fa963d551eec690211682f67820c904b75140"
"blind","ETP_eddy_current","C3","S1","1","PASS","raw/blind/C3/etp/第一次加压/525000.csv","5613925","0032b326234cd3d14da8d952899ad50a85ac11896a2f0480e963ec7a93c60e7c"
"blind","ETP_eddy_current","C3","S1","1","PASS","raw/blind/C3/etp/第一次加压/540000.csv","5577323","5a851d9f37584c58e25460955083c485de0cb0571fd31d28df656c49e0c1c8f1"
"blind","ETP_eddy_current","C3","S1","1","PASS","raw/blind/C3/etp/第一次加压/555000.csv","5691683","e401f2ce3283b5e32104922bacfc8a9662854866d65285ccba34e1a192d7868d"
"blind","magnetic_shared_MEM_remanence","C3","S1","1","PASS","raw/blind/C3/magnetic/第一次加压/105000.csv","114582091","240dae1f193b8e02c8ea967beb2e0e9f9d9c5bb008436d2e37207dffff8bfb55"
"blind","magnetic_shared_MEM_remanence","C3","S1","1","PASS","raw/blind/C3/magnetic/第一次加压/120000.csv","114730916","d2bba8a857dd234e33e545df3de37e55a7ec4f9d10cdbe3da28bc17bb1f3a2c3"
"blind","magnetic_shared_MEM_remanence","C3","S1","1","PASS","raw/blind/C3/magnetic/第一次加压/135000.csv","115720779","af46bd902aabbf5384ff8a24a373bf5682a2bb6ecd4f29a1be8ca142b5d08c6f"
"blind","magnetic_shared_MEM_remanence","C3","S1","1","PASS","raw/blind/C3/magnetic/第一次加压/60000.csv","114914307","0ae24166210e315355811e98f796ad9f9b68d5b8a83e1d1b938600483595c0e5"
"blind","magnetic_shared_MEM_remanence","C3","S1","1","PASS","raw/blind/C3/magnetic/第一次加压/75000.csv","114878148","089e54e2fb6d7c4c9aa7661b13cd4c41423b3b1c84eaec6ce2a7df18720d8f52"
"blind","magnetic_shared_MEM_remanence","C3","S1","1","PASS","raw/blind/C3/magnetic/第一次加压/90000.csv","115000678","79e89deb49fa489fd02f3c2b187e931d5cf11e1051f2dc17001a3fd650c4657e"
"blind","ETP_eddy_current","C3","S2","2","PASS","raw/blind/C3/etp/第二次加压/765000.csv","5678636","093844f1ebccfa96999a7b6f85d90783b9129c4c600e321286602327fcfcbe0a"
"blind","ETP_eddy_current","C3","S2","2","PASS","raw/blind/C3/etp/第二次加压/780000.csv","5639622","91d3ea8084a65c96489781921cff5a255032bfce094527386ca1271820e7c1fe"
"blind","ETP_eddy_current","C3","S2","2","PASS","raw/blind/C3/etp/第二次加压/795000.csv","5632285","d0602eb29f54cb3129043ea57f240b9c271692a9e82ef72185fd19cd8f52b47c"
"blind","ETP_eddy_current","C3","S2","2","PASS","raw/blind/C3/etp/第二次加压/810000.csv","5585663","ace423235a6eff461da60bcb1f6d74630ce50bb8f1b796944366a8a570df7f23"
"blind","ETP_eddy_current","C3","S2","2","PASS","raw/blind/C3/etp/第二次加压/825000.csv","5597374","a684335fe635831689352f4311f005524cde0d9f68883bf38159d206875e1219"
"blind","ETP_eddy_current","C3","S2","2","PASS","raw/blind/C3/etp/第二次加压/840000.csv","5760001","433dd6fc00bb95ef8fc8c2302ee73c85c95a914acc70031af8798f44e5692829"
"blind","magnetic_shared_MEM_remanence","C3","S2","2","PASS","raw/blind/C3/magnetic/第二次加压/105000.csv","114666520","84df609bec71be7f26c5aa3c4c522babc911c801742bcb761abe3db901ba873e"
"blind","magnetic_shared_MEM_remanence","C3","S2","2","PASS","raw/blind/C3/magnetic/第二次加压/120000.csv","115324524","9c1bd2de6a196a39ef874e7f867b696c0589c6386b541226be8f5a29028e3c50"
"blind","magnetic_shared_MEM_remanence","C3","S2","2","PASS","raw/blind/C3/magnetic/第二次加压/60000.csv","114908403","fee291ca5a2439f03731fd5238c5302d14ef5da618579c69a3c72a5667fb598c"
"blind","magnetic_shared_MEM_remanence","C3","S2","2","PASS","raw/blind/C3/magnetic/第二次加压/75000.csv","115267919","b38f35b0987ebda572c37bbc06c46e696a27f22ee64923a81c7432392210b49a"
"blind","magnetic_shared_MEM_remanence","C3","S2","2","PASS","raw/blind/C3/magnetic/第二次加压/90000.csv","114966632","ef7334ae48e648106f828c0eb96638d4771b93d44a95210916b8f269438c1f40"
"calibration","magnetic_shared_MEM_remanence","CAL","S0","0","PASS","raw/calibration/magnetic/零压力/105000.csv","115194387","2fb173346620a7b02ba4447c5f73d1185ef5bd290d5f1eee2d5e42c6712f9d60"
"calibration","magnetic_shared_MEM_remanence","CAL","S0","0","PASS","raw/calibration/magnetic/零压力/120000.csv","115609860","71ac9c29d33db0960a0867bfa7712f086a294e3be038cbfa49942bcdabcca40e"
"calibration","magnetic_shared_MEM_remanence","CAL","S0","0","PASS","raw/calibration/magnetic/零压力/60000.csv","114799906","b61a3756359100570b6d7afc42af93a1543f91225be7ad9f840c837c9ce7c5ee"
"calibration","magnetic_shared_MEM_remanence","CAL","S0","0","PASS","raw/calibration/magnetic/零压力/75000.csv","114732448","7146d54a17695989c3f401435e12c8f72525beedee0803839e0ef94720fc0bd7"
"calibration","magnetic_shared_MEM_remanence","CAL","S0","0","PASS","raw/calibration/magnetic/零压力/90000.csv","114839083","e788983c66e2ad118aaf2fe12541e638f694c12b691f15100d7f54671457a94a"
"calibration","strain_gauge","CAL","ALL","","SOURCE_WORKBOOK","raw/calibration/strain/20260710-406四点弯+MEM+ETP牵拉测试（取数数据3x）.xlsx","15771","8fbccf89512fe79184de7ca4c47388269737f1e74d21c0d979b2ddef15206e2e"
"calibration","strain_gauge","CAL","ALL","","SOURCE_WORKBOOK","raw/calibration/strain/20260710-406四点弯+MEM+ETP牵拉测试（原始数据3x）.xlsx","8730020","8f53fe9171014fd9a217a9ac4e1534d64e506df3ce0348a675f1cb9ede81fd19"
"calibration","magnetic_shared_MEM_remanence","CAL","S1","1","PASS","raw/calibration/magnetic/第一次加压/30000.csv","114244421","75478f104f1304f5ac3b2e5dcc7c40c610db2a3f8d7da0fa56d0e63810e62d6b"
"calibration","magnetic_shared_MEM_remanence","CAL","S1","1","PASS","raw/calibration/magnetic/第一次加压/45000.csv","115008424","7f0ac80ff9a4ad736e0c97447915af0de7ee8178a6b043f684d14484566faff5"
"calibration","magnetic_shared_MEM_remanence","CAL","S1","1","PASS","raw/calibration/magnetic/第一次加压/60000.csv","115161284","ca56b49b044306b5992513716e9c3a1c568feb1e496a65b05dd4d7830dafa8e5"
"calibration","magnetic_shared_MEM_remanence","CAL","S1","1","PASS","raw/calibration/magnetic/第一次加压/75000.csv","115434262","2208d9ef94280215000d044710015de79bc41d636c273d9718ca6db07a1aa76f"
"calibration","magnetic_shared_MEM_remanence","CAL","S1","1","PASS","raw/calibration/magnetic/第一次加压/90000.csv","115753918","63a02dab2611d6abd61a5aafd6603d31da171842560fb95cf7e3585412f365d0"
"calibration","magnetic_shared_MEM_remanence","CAL","S2","2","PASS","raw/calibration/magnetic/第二次加压/15000.csv","114914020","b1d2b0475f1e441f3367728d96f0267ae71b253614b2f11aa9c0ac4011903560"
"calibration","magnetic_shared_MEM_remanence","CAL","S2","2","PASS","raw/calibration/magnetic/第二次加压/30000.csv","114858949","3f534269038a74dd7386578aef8ba4395219244f4ba18f01bf76be1dcc7ab532"
"calibration","magnetic_shared_MEM_remanence","CAL","S2","2","PASS","raw/calibration/magnetic/第二次加压/45000.csv","114910017","e336a485adfa614227e408fdb0c471f29e228dffcdff44f1a3d427f8aa9f9868"
"calibration","magnetic_shared_MEM_remanence","CAL","S2","2","PASS","raw/calibration/magnetic/第二次加压/60000.csv","115315791","59955f4bbadc80d4e010069eba9aa0f52af83a4218d31e64642bf855cfb717b5"
"calibration","magnetic_shared_MEM_remanence","CAL","S2","2","PASS","raw/calibration/magnetic/第二次加压/75000.csv","63897700","15a70ee9360d0360d24f3f46af3f5fd82986c0607dea48b5cb37141d4e6412d5"
"calibration","magnetic_shared_MEM_remanence","CAL","S3","3","PASS","raw/calibration/magnetic/第三次加压/105000.csv","115439661","64230be8e0e91f3e41735f2f1d4c635c608c4adf8f4c2c01c51919bbab190627"
"calibration","magnetic_shared_MEM_remanence","CAL","S3","3","PASS","raw/calibration/magnetic/第三次加压/120000.csv","115845943","859dfb86be5d27f680f06a23775f5b348792546ca7e6647ff64d03fa5b1e012b"
"calibration","magnetic_shared_MEM_remanence","CAL","S3","3","PASS","raw/calibration/magnetic/第三次加压/60000.csv","114986705","1e4c644e3dfdaa03dfdc3ee58e50e766ea8483f9fe9c3be1ef661dff7f60cf6c"
"calibration","magnetic_shared_MEM_remanence","CAL","S3","3","PASS","raw/calibration/magnetic/第三次加压/75000.csv","115074692","4280c1ddf5c037140515b0e2dabb94d0ce4f812aff4f5118fe7e97d1dbe19808"
"calibration","magnetic_shared_MEM_remanence","CAL","S3","3","PASS","raw/calibration/magnetic/第三次加压/90000.csv","115086860","5bab6feade011e4dc58cb416e87c4a7b83be8681205e5acec2c9120d07d5f435"
"calibration","magnetic_shared_MEM_remanence","CAL","S4","4","PASS","raw/calibration/magnetic/第四次加压/105000.csv","115761867","e92f58968172c2519cd8ffe8f12d3a77ef0adb693d6d68b04bf76fb3c8d06123"
"calibration","magnetic_shared_MEM_remanence","CAL","S4","4","PASS","raw/calibration/magnetic/第四次加压/45000.csv","114988693","fca5acdbdad739ece4b11ea3569e1eb1f44f672dc4c0f7af110dd9b482c0ca4e"
"calibration","magnetic_shared_MEM_remanence","CAL","S4","4","PASS","raw/calibration/magnetic/第四次加压/60000.csv","114816242","b9525b5a4f853551781947c7de5403b5db30fa0ba8c94109481d585b22134074"
"calibration","magnetic_shared_MEM_remanence","CAL","S4","4","PASS","raw/calibration/magnetic/第四次加压/75000.csv","115146192","6a6314e2ac8f6b2a6c56b0cdbaa79c636d1c3371d3d06dc9e4a284ce2f0ceace"
"calibration","magnetic_shared_MEM_remanence","CAL","S4","4","PASS","raw/calibration/magnetic/第四次加压/90000.csv","115438256","b51b3146a409b01bec580271a6eb4e66e6dcdb90e362b1e9f0539cf9a0651eb3"
"calibration","magnetic_shared_MEM_remanence","CAL","S5","5","PASS","raw/calibration/magnetic/第五次加压/15000.csv","114839012","93d7994be93be3b0e1a4a96dd3f240078ef0cd429c1c2665b62c03c758edab3b"
"calibration","magnetic_shared_MEM_remanence","CAL","S5","5","PASS","raw/calibration/magnetic/第五次加压/30000.csv","114986714","32ddea2226c25a6d298f0c24d19958e8fc28eb7d062e806fc3b6bd4079e10451"
"calibration","magnetic_shared_MEM_remanence","CAL","S5","5","PASS","raw/calibration/magnetic/第五次加压/45000.csv","114897241","8ee36de037e10dfed4ef74857b06edb34f9cc161a633fc739c33fabb09667f9b"
"calibration","magnetic_shared_MEM_remanence","CAL","S5","5","PASS","raw/calibration/magnetic/第五次加压/60000.csv","115254858","c3f58796f0ccd31194988ed30663ab37705923c6ff4db707fe6efdf2c5b7bad5"
"calibration","magnetic_shared_MEM_remanence","CAL","S5","5","PASS","raw/calibration/magnetic/第五次加压/75000.csv","63959285","8f2d427749fff6d458976db68b7f7ef3240ec31e7619cbdd5d78485929580576"
"calibration","magnetic_shared_MEM_remanence","CAL","S6","6","PASS","raw/calibration/magnetic/第六次加压/105000.csv","115670729","095dec3e0511f84792eea82cc30de908c27a1562e0162e477b16796fc2c95310"
"calibration","magnetic_shared_MEM_remanence","CAL","S6","6","PASS","raw/calibration/magnetic/第六次加压/45000.csv","114761782","9dd2eec5d4d5cb96524e6d53c1339ebc0e3b1d0bcaa06267a4eee79e439295af"
"calibration","magnetic_shared_MEM_remanence","CAL","S6","6","PASS","raw/calibration/magnetic/第六次加压/60000.csv","114942713","4269b36e4832867e444964820b152b703dc5dcdd624698fc1e3e1f841316e447"
"calibration","magnetic_shared_MEM_remanence","CAL","S6","6","PASS","raw/calibration/magnetic/第六次加压/75000.csv","114885409","87cc13f9941f15ed2bff480ad1a27766f82034374677d965272d1225876ee88a"
"calibration","magnetic_shared_MEM_remanence","CAL","S6","6","PASS","raw/calibration/magnetic/第六次加压/90000.csv","115020430","e34fe92a7c6de3d5f6d274badf5c48192313f550144ef4b6c60302c7b4977f82"
"calibration_derived","strain_gauge_derived_label","CAL","S0-S6","","DERIVED_NOT_LOAD_CELL_TRUTH","derived/calibration/calibration_stage_labels.csv","940","f7d5da45f8842355e9fac33915905dad90b81c5da90b7c4cb5c59ba19b668a61"
"calibration_derived","strain_gauge_derived_label","CAL","S0-S6","","DERIVED_NOT_LOAD_CELL_TRUTH","derived/calibration/stage_analysis_summary.json","47653","e27f3005070726ba198a88f5dd4492f700ccdd62b1e85e5a0143452f3b617ce2"
"calibration_derived","strain_gauge_derived_label","CAL","S0-S6","","DERIVED_NOT_LOAD_CELL_TRUTH","derived/calibration/strain_states.csv","849","4e9bf053daf79e89b3269f754a88daab619c95722c0746efd26e3930799c6663"
