cycle_id,stage_id,stage_ordinal,channel,good_from_S0,E1_channel,EDirect_channel,S0_reference_MAD
C1,S0,0,1,1,0,0,13.6353898787406
C1,S0,0,2,1,0,0,17.0854631141118
C1,S0,0,3,1,0,0,15.2441921319027
C1,S0,0,4,1,0,0,13.5865796865462
C1,S0,0,5,1,0,0,13.5864528381412
C1,S0,0,6,1,0,0,16.2817600440684
C1,S0,0,7,1,0,0,10.8544226196454
C1,S0,0,8,1,0,0,13.6197781694903
C1,S0,0,9,1,0,0,19.587062447222
C1,S0,0,10,1,0,0,18.4834232142408
C1,S0,0,11,1,0,0,14.6089877240415
C1,S0,0,12,1,0,0,19.1298260692936
C1,S0,0,13,1,0,0,20.9516486860097
C1,S0,0,14,1,0,0,17.3298109015793
C1,S0,0,15,1,0,0,21.2959925456552
C1,S0,0,16,1,0,0,17.7896653513098
C1,S0,0,17,1,0,0,19.1556226082241
C1,S0,0,18,1,0,0,16.1886168047621
C1,S0,0,19,1,0,0,25.7597627909756
C1,S0,0,20,1,0,0,12.636147190606
C1,S1,1,1,1,-0.00390544610171489,0.314594366518387,13.6353898787406
C1,S1,1,2,1,-0.0577359042456565,0.143193821551239,17.0854631141118
C1,S1,1,3,1,0.107315645413736,0.280574010904231,15.2441921319027
C1,S1,1,4,1,0.36862809479755,0.7177825071292,13.5865796865462
C1,S1,1,5,1,0.137940003770273,0.365714378765923,13.5864528381412
C1,S1,1,6,1,-0.0362324323007158,0.320520004609127,16.2817600440684
C1,S1,1,7,1,0.215872050209421,0.415402443308814,10.8544226196454
C1,S1,1,8,1,-0.0126933393153599,0.141518645526425,13.6197781694903
C1,S1,1,9,1,0.00988079941179373,0.211696526766273,19.587062447222
C1,S1,1,10,1,-0.0331108816277273,0.111087708571997,18.4834232142408
C1,S1,1,11,1,-0.0171137688685989,0.12702352699865,14.6089877240415
C1,S1,1,12,1,-0.161940645988761,0.0469031122186639,19.1298260692936
C1,S1,1,13,1,-0.125268113074213,0.0596002920553137,20.9516486860097
C1,S1,1,14,1,-0.129685182420854,0.0542681199016051,17.3298109015793
C1,S1,1,15,1,-0.0921950841100981,0.0672784057544206,21.2959925456552
C1,S1,1,16,1,0.00699022280846806,0.164237050538858,17.7896653513098
C1,S1,1,17,1,-0.117069391531854,0.0488323179128012,19.1556226082241
C1,S1,1,18,1,0.139885596385169,0.352826029411383,16.1886168047621
C1,S1,1,19,1,-0.147853558759484,0.195667554744274,25.7597627909756
C1,S1,1,20,1,0.105463623906331,0.425371742588756,12.636147190606
C1,S2,2,1,1,0.178569869573024,0.455602443255583,13.6353898787406
C1,S2,2,2,1,-0.081259712857779,0.0756768391219113,17.0854631141118
C1,S2,2,3,1,0.263531392339682,0.387274094305878,15.2441921319027
C1,S2,2,4,1,0.832811013207377,1.31002327640274,13.5865796865462
C1,S2,2,5,1,0.238394796428915,0.475935115015284,13.5864528381412
C1,S2,2,6,1,-0.0896017490099741,0.103720473568167,16.2817600440684
C1,S2,2,7,1,0.474442197997036,0.81473593069736,10.8544226196454
C1,S2,2,8,1,0.0185613591268289,0.0975576949659483,13.6197781694903
C1,S2,2,9,1,0.268999322574456,0.422355686424824,19.587062447222
C1,S2,2,10,1,-0.115379469049546,0.106135681911006,18.4834232142408
C1,S2,2,11,1,0.0213596706907045,0.180093509098359,14.6089877240415
C1,S2,2,12,1,-0.124447937022345,0.113135167675194,19.1298260692936
C1,S2,2,13,1,-0.195116592459497,0.204242595742629,20.9516486860097
C1,S2,2,14,1,-0.0234859817562896,0.137073094046691,17.3298109015793
C1,S2,2,15,1,-0.08867570779376,0.130756747065342,21.2959925456552
C1,S2,2,16,1,0.20495840173795,0.425585445630493,17.7896653513098
C1,S2,2,17,1,-0.144853341247039,0.0494525789055082,19.1556226082241
C1,S2,2,18,1,0.294005670346694,0.560705823042987,16.1886168047621
C1,S2,2,19,1,-0.0897563720939778,0.224146801426529,25.7597627909756
C1,S2,2,20,1,0.227725921607519,0.541459631708081,12.636147190606
C1,S3,3,1,1,-0.0545355464185913,0.402650010827673,13.6353898787406
C1,S3,3,2,1,-0.206497821613825,0.313139036358133,17.0854631141118
C1,S3,3,3,1,0.0823477447577661,0.368995402231847,15.2441921319027
C1,S3,3,4,1,0.16625475001369,0.441921894001991,13.5865796865462
C1,S3,3,5,1,0.0443933519834987,0.22926828251461,13.5864528381412
C1,S3,3,6,1,-0.136131953693671,0.180637475528902,16.2817600440684
C1,S3,3,7,1,0.3276613072797,0.690414976469821,10.8544226196454
C1,S3,3,8,1,0.257911837641527,0.63482350694791,13.6197781694903
C1,S3,3,9,1,0.11488292303761,0.537502419917556,19.587062447222
C1,S3,3,10,1,-0.0366308944445802,0.232509036157377,18.4834232142408
C1,S3,3,11,1,-0.0846300251695048,0.215434694962493,14.6089877240415
C1,S3,3,12,1,-0.29960608266614,0.119382593413931,19.1298260692936
C1,S3,3,13,1,-0.297982737498649,0.189781294816858,20.9516486860097
C1,S3,3,14,1,-0.157696958107907,0.160295626124396,17.3298109015793
C1,S3,3,15,1,-0.202507494855914,0.117191693584052,21.2959925456552
C1,S3,3,16,1,0.162113844763147,0.549654240514391,17.7896653513098
C1,S3,3,17,1,-0.314078864404703,0.0599135509117827,19.1556226082241
C1,S3,3,18,1,0.119212808714062,0.516365305436161,16.1886168047621
C1,S3,3,19,1,-0.209640636457399,0.296299179025877,25.7597627909756
C1,S3,3,20,1,0.102732900131488,0.495404091256649,12.636147190606
C1,S4,4,1,1,-0.0431258129912535,0.23665891239679,13.6353898787406
C1,S4,4,2,1,-0.0859535128651714,0.411266687781835,17.0854631141118
C1,S4,4,3,1,0.140554601079976,0.482081784612263,15.2441921319027
C1,S4,4,4,1,-0.256114355909506,0.294464166975718,13.5865796865462
C1,S4,4,5,1,0.0984557918921029,0.28576455744946,13.5864528381412
C1,S4,4,6,1,0.00405793982441721,0.294214762444057,16.2817600440684
C1,S4,4,7,1,0.254980681069015,0.435987511130271,10.8544226196454
C1,S4,4,8,1,0.204800807371423,0.230769121293266,13.6197781694903
C1,S4,4,9,1,0.206916460328061,0.516553025769415,19.587062447222
C1,S4,4,10,1,0.149743262777408,0.287078091422173,18.4834232142408
C1,S4,4,11,1,0.105613211972543,0.243213656090086,14.6089877240415
C1,S4,4,12,1,-0.0765920595714679,0.265192319929727,19.1298260692936
C1,S4,4,13,1,-0.124658204667646,0.321177742584116,20.9516486860097
C1,S4,4,14,1,0.0196344592236877,0.184455885508547,17.3298109015793
C1,S4,4,15,1,-0.0585990593380196,0.115406125310976,21.2959925456552
C1,S4,4,16,1,0.211067098626388,0.456586191458669,17.7896653513098
C1,S4,4,17,1,-0.0924639665639854,0.0459682543521489,19.1556226082241
C1,S4,4,18,1,0.169118627657227,0.357405857955713,16.1886168047621
C1,S4,4,19,1,-0.123823761970394,0.396955967802212,25.7597627909756
C1,S4,4,20,1,0.010686286915414,0.370178883161877,12.636147190606
C1,S5,5,1,1,-0.158525731879912,0.294634425111814,13.6353898787406
C1,S5,5,2,1,-0.0885042742464749,0.723478483601893,17.0854631141118
C1,S5,5,3,1,0.307932473437938,0.874545397075775,15.2441921319027
C1,S5,5,4,1,-0.44062186113981,0.622873936855222,13.5865796865462
C1,S5,5,5,1,0.0510465058534337,0.528714341235171,13.5864528381412
C1,S5,5,6,1,0.673611502469001,1.49505798577547,16.2817600440684
C1,S5,5,7,1,0.391637377167351,0.170536681965307,10.8544226196454
C1,S5,5,8,1,0.361123041259071,0.371347436237582,13.6197781694903
C1,S5,5,9,1,0.300938488109706,0.402245617888967,19.587062447222
C1,S5,5,10,1,0.154805148668096,0.129280650675981,18.4834232142408
C1,S5,5,11,1,0.0886690248738729,0.358807330830816,14.6089877240415
C1,S5,5,12,1,-0.00410511988771467,0.345270016745607,19.1298260692936
C1,S5,5,13,1,-0.248388364207546,0.327543322089283,20.9516486860097
C1,S5,5,14,1,0.0225453398057238,0.250570820075157,17.3298109015793
C1,S5,5,15,1,0.0235744066901681,0.167644524851704,21.2959925456552
C1,S5,5,16,1,0.104529424931368,0.253323240433289,17.7896653513098
C1,S5,5,17,1,0.0639029658020899,0.269804573244067,19.1556226082241
C1,S5,5,18,1,0.215446195903703,0.25758870671711,16.1886168047621
C1,S5,5,19,1,-0.0956677496669487,0.520251338610752,25.7597627909756
C1,S5,5,20,1,0.00185425072235801,0.206301389359565,12.636147190606
C1,S6,6,1,1,-0.189933455847761,0.10230703812799,13.6353898787406
C1,S6,6,2,1,0.0337385682629885,0.924739950542546,17.0854631141118
C1,S6,6,3,1,0.0193542731456377,0.539282561286489,15.2441921319027
C1,S6,6,4,1,-0.540181178901456,0.930220274233036,13.5865796865462
C1,S6,6,5,1,0.199458467197394,0.68378748068796,13.5864528381412
C1,S6,6,6,1,-0.0411106663117788,0.191106496894676,16.2817600440684
C1,S6,6,7,1,0.212840802915349,0.203074795120667,10.8544226196454
C1,S6,6,8,1,0.474458203280141,0.461481716484493,13.6197781694903
C1,S6,6,9,1,0.196755945054843,0.340653184471984,19.587062447222
C1,S6,6,10,1,0.279028048604647,0.577866495111933,18.4834232142408
C1,S6,6,11,1,0.143095097889563,0.286519898170069,14.6089877240415
C1,S6,6,12,1,-0.0597085197149284,0.409086431781227,19.1298260692936
C1,S6,6,13,1,-0.148536128586979,0.508795494437041,20.9516486860097
C1,S6,6,14,1,0.0897160419752577,0.176469895223408,17.3298109015793
C1,S6,6,15,1,-0.0608898165923398,0.211118092338418,21.2959925456552
C1,S6,6,16,1,0.116575949426658,0.287236544760625,17.7896653513098
C1,S6,6,17,1,0.0355925975152092,0.166760294352841,19.1556226082241
C1,S6,6,18,1,0.102199512481258,0.105964752716296,16.1886168047621
C1,S6,6,19,1,-0.147630679542145,0.620001490264804,25.7597627909756
C1,S6,6,20,1,-0.0467373159492051,0.24294135859256,12.636147190606
C2,S0,0,1,1,0,0,13.250254295078
C2,S0,0,2,1,0,0,15.8441828960727
C2,S0,0,3,1,0,0,14.0096562935255
C2,S0,0,4,1,0,0,16.6431731644067
C2,S0,0,5,1,0,0,12.9012391898455
C2,S0,0,6,1,0,0,16.6303612185893
C2,S0,0,7,1,0,0,10.8610338993165
C2,S0,0,8,1,0,0,14.6074990506769
C2,S0,0,9,1,0,0,18.4694023000185
C2,S0,0,10,1,0,0,18.1668987644462
C2,S0,0,11,1,0,0,14.134453189375
C2,S0,0,12,1,0,0,21.0178683800638
C2,S0,0,13,1,0,0,20.0292216804705
C2,S0,0,14,1,0,0,16.2393295664791
C2,S0,0,15,1,0,0,21.7458946890827
C2,S0,0,16,1,0,0,17.5135256739724
C2,S0,0,17,1,0,0,20.6184220537301
C2,S0,0,18,1,0,0,16.5687438410744
C2,S0,0,19,1,0,0,25.3850779016355
C2,S0,0,20,1,0,0,11.4012673137187
C2,S1,1,1,1,0.490556075312783,0.299448132351426,13.250254295078
C2,S1,1,2,1,0.63709259829146,0.135621883685846,15.8441828960727
C2,S1,1,3,1,0.732128134181652,0.301947860379548,14.0096562935255
C2,S1,1,4,1,0.524227100601191,0.0740301432315755,16.6431731644067
C2,S1,1,5,1,0.744668513182419,0.306882458501449,12.9012391898455
C2,S1,1,6,1,0.482449028966557,0.143699825841007,16.6303612185893
C2,S1,1,7,1,1.10986926082751,0.381792236331295,10.8610338993165
C2,S1,1,8,1,0.827270886438507,0.0437574669093137,14.6074990506769
C2,S1,1,9,1,0.7427266453686,0.151145577931622,18.4694023000185
C2,S1,1,10,1,1.03865359478555,1.24894419818408,18.1668987644462
C2,S1,1,11,1,0.740000117048046,0.096421704492923,14.134453189375
C2,S1,1,12,1,0.559941508220166,0.089163184140758,21.0178683800638
C2,S1,1,13,1,0.42719166138558,0.058394337773624,20.0292216804705
C2,S1,1,14,1,0.614551849279096,0.0720735742375188,16.2393295664791
C2,S1,1,15,1,0.558739748620249,0.0499658478774846,21.7458946890827
C2,S1,1,16,1,0.627312541434338,0.191837001996756,17.5135256739724
C2,S1,1,17,1,0.531916203902822,0.0778663156134931,20.6184220537301
C2,S1,1,18,1,0.646406960575746,0.258383782027222,16.5687438410744
C2,S1,1,19,1,0.225067089798983,0.035915301775158,25.3850779016355
C2,S1,1,20,1,0.501533934453734,0.376793368138793,11.4012673137187
C2,S2,2,1,1,0.226954645729337,0.550370656584722,13.250254295078
C2,S2,2,2,1,0.113029445484031,0.220320498171815,15.8441828960727
C2,S2,2,3,1,0.373327228262054,0.473014790687115,14.0096562935255
C2,S2,2,4,1,0.27455232903131,0.150786546589964,16.6431731644067
C2,S2,2,5,1,0.379320462556762,0.492796121061724,12.9012391898455
C2,S2,2,6,1,0.239216997040705,0.426774539183639,16.6303612185893
C2,S2,2,7,1,0.621365869018951,0.750831367886374,10.8610338993165
C2,S2,2,8,1,0.317392279972567,0.12793790194138,14.6074990506769
C2,S2,2,9,1,0.362742604349041,0.410448563994605,18.4694023000185
C2,S2,2,10,1,0.228901016275424,0.354753930755328,18.1668987644462
C2,S2,2,11,1,0.154679138742954,0.134866428499459,14.134453189375
C2,S2,2,12,1,0.11039458512529,0.169305987040968,21.0178683800638
C2,S2,2,13,1,-0.00988408171982999,0.107966812043229,20.0292216804705
C2,S2,2,14,1,0.145443093831231,0.170016638831083,16.2393295664791
C2,S2,2,15,1,0.0889574935613868,0.0487285645480661,21.7458946890827
C2,S2,2,16,1,0.323608734987497,0.455417317646677,17.5135256739724
C2,S2,2,17,1,0.0440284858443169,0.103405081882019,20.6184220537301
C2,S2,2,18,1,0.338375191380928,0.568814893704318,16.5687438410744
C2,S2,2,19,1,-0.111916068270856,0.0614245324842213,25.3850779016355
C2,S2,2,20,1,0.405302280982052,0.662081853052342,11.4012673137187
C2,S3,3,1,1,-0.0283709658758022,0.444246764399822,13.250254295078
C2,S3,3,2,1,0.0244423788320588,0.563099144952621,15.8441828960727
C2,S3,3,3,1,0.160889208313925,0.0880488446347267,14.0096562935255
C2,S3,3,4,1,0.375785171063862,1.07407646190208,16.6431731644067
C2,S3,3,5,1,0.0314306966397369,0.432962905227516,12.9012391898455
C2,S3,3,6,1,0.13829030155672,0.314842001244455,16.6303612185893
C2,S3,3,7,1,0.570407636748091,0.744270353908735,10.8610338993165
C2,S3,3,8,1,0.317092590084094,0.25109858595311,14.6074990506769
C2,S3,3,9,1,0.203887213610084,0.58586029196667,18.4694023000185
C2,S3,3,10,1,-0.0932784834354618,0.0600011690445213,18.1668987644462
C2,S3,3,11,1,0.153457941593246,0.621622979551992,14.134453189375
C2,S3,3,12,1,-0.0130370118371015,0.29410465693701,21.0178683800638
C2,S3,3,13,1,-0.205070296414613,0.228122176145231,20.0292216804705
C2,S3,3,14,1,-0.112907198146251,0.200212169989682,16.2393295664791
C2,S3,3,15,1,-0.0449833345993104,0.147459918041151,21.7458946890827
C2,S3,3,16,1,0.038616928447538,0.299566842323589,17.5135256739724
C2,S3,3,17,1,0.119455567540587,0.150058644917981,20.6184220537301
C2,S3,3,18,1,0.18344441360194,0.558571450448183,16.5687438410744
C2,S3,3,19,1,-0.288100956925894,0.174731149268843,25.3850779016355
C2,S3,3,20,1,0.192400608976787,0.788901206646538,11.4012673137187
C2,S4,4,1,1,0.393966725684168,0.473493998421551,13.250254295078
C2,S4,4,2,1,0.455380765079422,0.54914507652891,15.8441828960727
C2,S4,4,3,1,0.531813688490336,0.203443704263942,14.0096562935255
C2,S4,4,4,1,0.939455047044779,1.03404334434097,16.6431731644067
C2,S4,4,5,1,0.463607730294045,0.0952908484456735,12.9012391898455
C2,S4,4,6,1,0.603880914476152,1.00475626210726,16.6303612185893
C2,S4,4,7,1,0.826940394809474,0.604699292845627,10.8610338993165
C2,S4,4,8,1,0.787858735988672,0.148327772918683,14.6074990506769
C2,S4,4,9,1,0.835663711713497,0.558414158810038,18.4694023000185
C2,S4,4,10,1,0.546361106673868,0.278893206146368,18.1668987644462
C2,S4,4,11,1,0.663140570747647,0.166670447478883,14.134453189375
C2,S4,4,12,1,0.491499315070835,0.174917120261869,21.0178683800638
C2,S4,4,13,1,0.374516951845537,0.309765882291974,20.0292216804705
C2,S4,4,14,1,0.566031443847006,0.179078705298702,16.2393295664791
C2,S4,4,15,1,0.430612524108279,0.232626963453003,21.7458946890827
C2,S4,4,16,1,0.652838088436406,0.480162159382909,17.5135256739724
C2,S4,4,17,1,0.540990544516312,0.157186420680062,20.6184220537301
C2,S4,4,18,1,0.552000902530333,0.435723614088071,16.5687438410744
C2,S4,4,19,1,0.187782803776467,0.24560910216294,25.3850779016355
C2,S4,4,20,1,0.513126206332005,0.711463504910694,11.4012673137187
C2,S5,5,1,1,0.128392567573736,0.32341723714054,13.250254295078
C2,S5,5,2,1,0.307866317464636,0.581437847696083,15.8441828960727
C2,S5,5,3,1,0.404652661310399,0.443445274717602,14.0096562935255
C2,S5,5,4,1,0.664563857913336,1.13331765871645,16.6431731644067
C2,S5,5,5,1,0.132388648893658,0.178955815789765,12.9012391898455
C2,S5,5,6,1,0.762907837989182,1.53076290242781,16.6303612185893
C2,S5,5,7,1,0.651795979807135,0.454282221183931,10.8610338993165
C2,S5,5,8,1,0.592368928209312,0.35847456755785,14.6074990506769
C2,S5,5,9,1,0.384070905257582,0.273366831841585,18.4694023000185
C2,S5,5,10,1,0.351952487933702,0.332957017848285,18.1668987644462
C2,S5,5,11,1,0.260766225951329,0.178571343124657,14.134453189375
C2,S5,5,12,1,0.271877778326575,0.571635253184777,21.0178683800638
C2,S5,5,13,1,0.147967762703732,0.253973040157857,20.0292216804705
C2,S5,5,14,1,0.317644159403698,0.0716645785625024,16.2393295664791
C2,S5,5,15,1,0.213369430814969,0.207194491587341,21.7458946890827
C2,S5,5,16,1,0.375122886937133,0.378053597765529,17.5135256739724
C2,S5,5,17,1,0.4641427098358,0.256502501661639,20.6184220537301
C2,S5,5,18,1,0.440049699334478,0.336754859595757,16.5687438410744
C2,S5,5,19,1,0.0930360954380559,0.42239646770316,25.3850779016355
C2,S5,5,20,1,0.582396135220023,0.956661843522463,11.4012673137187
C2,S6,6,1,1,0.0797473436384734,0.455186509743734,13.250254295078
C2,S6,6,2,1,0.54420405423214,1.63494424840563,15.8441828960727
C2,S6,6,3,1,0.208583026321168,0.169877549818743,14.0096562935255
C2,S6,6,4,1,1.1791914395716,1.878110488438,16.6431731644067
C2,S6,6,5,1,0.194506116230738,0.684948020691038,12.9012391898455
C2,S6,6,6,1,1.46447824045851,2.32317223272805,16.6303612185893
C2,S6,6,7,1,0.589298930676602,0.837523805038265,10.8610338993165
C2,S6,6,8,1,0.597066215861192,0.777814219109573,14.6074990506769
C2,S6,6,9,1,0.51608401099444,0.755471681886602,18.4694023000185
C2,S6,6,10,1,0.140487933883992,0.249169679809028,18.1668987644462
C2,S6,6,11,1,0.375976116887366,0.829185059545069,14.134453189375
C2,S6,6,12,1,-0.0252262261998692,0.0498086940658248,21.0178683800638
C2,S6,6,13,1,-0.0331993630052389,0.349527396327778,20.0292216804705
C2,S6,6,14,1,0.147314767010077,0.233624349559822,16.2393295664791
C2,S6,6,15,1,0.113955780316692,0.139070542517136,21.7458946890827
C2,S6,6,16,1,0.241019217679928,0.293169682132006,17.5135256739724
C2,S6,6,17,1,0.286867125875163,0.264387698945849,20.6184220537301
C2,S6,6,18,1,0.209306557503931,0.31843131588249,16.5687438410744
C2,S6,6,19,1,0.143754377434774,0.54184331576663,25.3850779016355
C2,S6,6,20,1,0.102715566816893,0.646739478818424,11.4012673137187
C3,S0,0,1,1,0,0,15.3594362901293
C3,S0,0,2,1,0,0,17.6905036731122
C3,S0,0,3,1,0,0,16.6553121169371
C3,S0,0,4,1,0,0,15.6996895394696
C3,S0,0,5,1,0,0,13.6819108902587
C3,S0,0,6,1,0,0,12.3435801138751
C3,S0,0,7,1,0,0,12.8726933731777
C3,S0,0,8,1,0,0,13.9104768632851
C3,S0,0,9,1,0,0,18.2682022150571
C3,S0,0,10,1,0,0,16.1310292819058
C3,S0,0,11,1,0,0,19.4069499243984
C3,S0,0,12,1,0,0,15.3401026132285
C3,S0,0,13,1,0,0,18.7599152225671
C3,S0,0,14,1,0,0,16.1841390325835
C3,S0,0,15,1,0,0,19.6990853134524
C3,S0,0,16,1,0,0,17.5942220280279
C3,S0,0,17,1,0,0,19.8711115698951
C3,S0,0,18,1,0,0,15.6767768492759
C3,S0,0,19,1,0,0,21.0820535875633
C3,S0,0,20,1,0,0,12.6258690793565
C3,S1,1,1,1,0.114887693416113,0.509523208657636,15.3594362901293
C3,S1,1,2,1,-0.0357944849021796,0.283963505307381,17.6905036731122
C3,S1,1,3,1,0.173075693566571,0.318261356491349,16.6553121169371
C3,S1,1,4,1,0.249411739240526,0.634503500866219,15.6996895394696
C3,S1,1,5,1,0.28950969612219,0.28223420617321,13.6819108902587
C3,S1,1,6,1,0.053954046329397,0.4687445877072,12.3435801138751
C3,S1,1,7,1,0.551137814075273,0.860253647338846,12.8726933731777
C3,S1,1,8,1,-0.0390481794318273,0.208062134337088,13.9104768632851
C3,S1,1,9,1,0.0443474863757473,0.465126641241682,18.2682022150571
C3,S1,1,10,1,0.089332280414862,0.345379621183271,16.1310292819058
C3,S1,1,11,1,-0.0752918079411082,0.196926988765084,19.4069499243984
C3,S1,1,12,1,-0.0146408776340766,0.179934303303221,15.3401026132285
C3,S1,1,13,1,0.212378692012608,0.699185154844485,18.7599152225671
C3,S1,1,14,1,-0.130286445991901,0.248714177148015,16.1841390325835
C3,S1,1,15,1,0.000989230544644615,0.127317662799229,19.6990853134524
C3,S1,1,16,1,0.0278613698509211,0.237439032548705,17.5942220280279
C3,S1,1,17,1,0.146156494482643,0.0916151698714446,19.8711115698951
C3,S1,1,18,1,0.469691543178625,0.852065764682222,15.6767768492759
C3,S1,1,19,1,0.000597015801095557,0.258246855581223,21.0820535875633
C3,S1,1,20,1,0.312266335272251,0.786204246974771,12.6258690793565
C3,S2,2,1,1,-0.211583239171066,0.12772720086833,15.3594362901293
C3,S2,2,2,1,0.19566686754132,0.972507674302874,17.6905036731122
C3,S2,2,3,1,-0.0721874195294424,0.251334838009573,16.6553121169371
C3,S2,2,4,1,0.614610606555617,1.74546932704627,15.6996895394696
C3,S2,2,5,1,0.157451057817479,0.45845111889895,13.6819108902587
C3,S2,2,6,1,-0.123670768760201,0.248011337889145,12.3435801138751
C3,S2,2,7,1,0.342530692176525,0.536510316050413,12.8726933731777
C3,S2,2,8,1,-0.113715446455388,0.260159206001365,13.9104768632851
C3,S2,2,9,1,0.122935075629341,0.378175477147925,18.2682022150571
C3,S2,2,10,1,-0.120040824508397,0.06168130072644,16.1310292819058
C3,S2,2,11,1,-0.127338814651362,0.304610934393737,19.4069499243984
C3,S2,2,12,1,-0.122591964707722,0.308532893819223,15.3401026132285
C3,S2,2,13,1,-0.203969554013188,0.466587816870702,18.7599152225671
C3,S2,2,14,1,-0.0206464956420513,0.342641520017182,16.1841390325835
C3,S2,2,15,1,-0.233056352816985,0.259271667762973,19.6990853134524
C3,S2,2,16,1,0.0477628528009163,0.40395722700222,17.5942220280279
C3,S2,2,17,1,0.154875088485579,0.0572587919927634,19.8711115698951
C3,S2,2,18,1,0.458147859278309,0.764267343279637,15.6767768492759
C3,S2,2,19,1,0.00361621105597859,0.420145559255979,21.0820535875633
C3,S2,2,20,1,-0.0380705065012164,0.566309551408873,12.6258690793565
