FragmentIndex,Name,Path,Stem,ExpectedStemFromPrevious,Rows,ColumnsDetectedByReadmatrix,HeaderFieldCount,FirstDataFieldCount,DataLineHasTrailingDelimiter,HeaderContractPass,First1307FiniteFraction,ContinuousFromPrevious,GapOrOverlapRows,FileBytes,NominalFragmentRows,IsShortFragment,IsFinalFragment,AllowedShortFinalFragment,cycle_id,stage_id,modality
1,75000.csv,raw/blind/C1/magnetic/零压力测试/75000.csv,75000,NaN,15000,1307,1307,1308,1,1,1,1,0,115201758,15000,0,0,0,C1,S0,MAGNETIC
2,90000.csv,raw/blind/C1/magnetic/零压力测试/90000.csv,90000,90000,15000,1307,1307,1308,1,1,1,1,0,115397316,15000,0,0,0,C1,S0,MAGNETIC
3,105000.csv,raw/blind/C1/magnetic/零压力测试/105000.csv,105000,105000,15000,1307,1307,1308,1,1,1,1,0,115189476,15000,0,0,0,C1,S0,MAGNETIC
4,120000.csv,raw/blind/C1/magnetic/零压力测试/120000.csv,120000,120000,15000,1307,1307,1308,1,1,1,1,0,115357580,15000,0,0,0,C1,S0,MAGNETIC
5,135000.csv,raw/blind/C1/magnetic/零压力测试/135000.csv,135000,135000,15000,1307,1307,1308,1,1,1,1,0,115393071,15000,0,1,0,C1,S0,MAGNETIC
1,30000.csv,raw/blind/C1/magnetic/第一次加压/30000.csv,30000,NaN,15000,1307,1307,1308,1,1,1,1,0,115078445,15000,0,0,0,C1,S1,MAGNETIC
2,45000.csv,raw/blind/C1/magnetic/第一次加压/45000.csv,45000,45000,15000,1307,1307,1308,1,1,1,1,0,115133129,15000,0,0,0,C1,S1,MAGNETIC
3,60000.csv,raw/blind/C1/magnetic/第一次加压/60000.csv,60000,60000,15000,1307,1307,1308,1,1,1,1,0,115167007,15000,0,0,0,C1,S1,MAGNETIC
4,75000.csv,raw/blind/C1/magnetic/第一次加压/75000.csv,75000,75000,15000,1307,1307,1308,1,1,1,1,0,114798355,15000,0,0,0,C1,S1,MAGNETIC
5,90000.csv,raw/blind/C1/magnetic/第一次加压/90000.csv,90000,90000,15000,1307,1307,1308,1,1,1,1,0,114953480,15000,0,0,0,C1,S1,MAGNETIC
6,105000.csv,raw/blind/C1/magnetic/第一次加压/105000.csv,105000,105000,15000,1307,1307,1308,1,1,1,1,0,115396510,15000,0,1,0,C1,S1,MAGNETIC
1,30000.csv,raw/blind/C1/magnetic/第二次加压/30000.csv,30000,NaN,15000,1307,1307,1308,1,1,1,1,0,114964674,15000,0,0,0,C1,S2,MAGNETIC
2,45000.csv,raw/blind/C1/magnetic/第二次加压/45000.csv,45000,45000,15000,1307,1307,1308,1,1,1,1,0,115195525,15000,0,0,0,C1,S2,MAGNETIC
3,60000.csv,raw/blind/C1/magnetic/第二次加压/60000.csv,60000,60000,15000,1307,1307,1308,1,1,1,1,0,114800123,15000,0,0,0,C1,S2,MAGNETIC
4,75000.csv,raw/blind/C1/magnetic/第二次加压/75000.csv,75000,75000,15000,1307,1307,1308,1,1,1,1,0,114814842,15000,0,0,0,C1,S2,MAGNETIC
5,90000.csv,raw/blind/C1/magnetic/第二次加压/90000.csv,90000,90000,15000,1307,1307,1308,1,1,1,1,0,115230296,15000,0,1,0,C1,S2,MAGNETIC
1,75000.csv,raw/blind/C1/magnetic/第三次加压/75000.csv,75000,NaN,15000,1307,1307,1308,1,1,1,1,0,114978763,15000,0,0,0,C1,S3,MAGNETIC
2,90000.csv,raw/blind/C1/magnetic/第三次加压/90000.csv,90000,90000,15000,1307,1307,1308,1,1,1,1,0,115245332,15000,0,0,0,C1,S3,MAGNETIC
3,105000.csv,raw/blind/C1/magnetic/第三次加压/105000.csv,105000,105000,15000,1307,1307,1308,1,1,1,1,0,114927511,15000,0,0,0,C1,S3,MAGNETIC
4,120000.csv,raw/blind/C1/magnetic/第三次加压/120000.csv,120000,120000,15000,1307,1307,1308,1,1,1,1,0,114784166,15000,0,0,0,C1,S3,MAGNETIC
5,135000.csv,raw/blind/C1/magnetic/第三次加压/135000.csv,135000,135000,15000,1307,1307,1308,1,1,1,1,0,115253206,15000,0,1,0,C1,S3,MAGNETIC
1,30000.csv,raw/blind/C1/magnetic/第四次加压/30000.csv,30000,NaN,15000,1307,1307,1308,1,1,1,1,0,114688080,15000,0,0,0,C1,S4,MAGNETIC
2,45000.csv,raw/blind/C1/magnetic/第四次加压/45000.csv,45000,45000,15000,1307,1307,1308,1,1,1,1,0,115284020,15000,0,0,0,C1,S4,MAGNETIC
3,60000.csv,raw/blind/C1/magnetic/第四次加压/60000.csv,60000,60000,15000,1307,1307,1308,1,1,1,1,0,115132447,15000,0,0,0,C1,S4,MAGNETIC
4,75000.csv,raw/blind/C1/magnetic/第四次加压/75000.csv,75000,75000,15000,1307,1307,1308,1,1,1,1,0,114838275,15000,0,0,0,C1,S4,MAGNETIC
5,90000.csv,raw/blind/C1/magnetic/第四次加压/90000.csv,90000,90000,15000,1307,1307,1308,1,1,1,1,0,115119194,15000,0,1,0,C1,S4,MAGNETIC
1,75000.csv,raw/blind/C1/magnetic/第五次加压/75000.csv,75000,NaN,15000,1307,1307,1308,1,1,1,1,0,114569091,15000,0,0,0,C1,S5,MAGNETIC
2,90000.csv,raw/blind/C1/magnetic/第五次加压/90000.csv,90000,90000,15000,1307,1307,1308,1,1,1,1,0,115416069,15000,0,0,0,C1,S5,MAGNETIC
3,105000.csv,raw/blind/C1/magnetic/第五次加压/105000.csv,105000,105000,15000,1307,1307,1308,1,1,1,1,0,115361264,15000,0,0,0,C1,S5,MAGNETIC
4,120000.csv,raw/blind/C1/magnetic/第五次加压/120000.csv,120000,120000,15000,1307,1307,1308,1,1,1,1,0,115008475,15000,0,0,0,C1,S5,MAGNETIC
5,135000.csv,raw/blind/C1/magnetic/第五次加压/135000.csv,135000,135000,15000,1307,1307,1308,1,1,1,1,0,115207141,15000,0,0,0,C1,S5,MAGNETIC
6,150000.csv,raw/blind/C1/magnetic/第五次加压/150000.csv,150000,150000,15000,1307,1307,1308,1,1,1,1,0,115647277,15000,0,1,0,C1,S5,MAGNETIC
1,30000.csv,raw/blind/C1/magnetic/第六次加压/30000.csv,30000,NaN,15000,1307,1307,1308,1,1,1,1,0,114707483,15000,0,0,0,C1,S6,MAGNETIC
2,45000.csv,raw/blind/C1/magnetic/第六次加压/45000.csv,45000,45000,15000,1307,1307,1308,1,1,1,1,0,115268677,15000,0,0,0,C1,S6,MAGNETIC
3,60000.csv,raw/blind/C1/magnetic/第六次加压/60000.csv,60000,60000,15000,1307,1307,1308,1,1,1,1,0,115018631,15000,0,0,0,C1,S6,MAGNETIC
4,75000.csv,raw/blind/C1/magnetic/第六次加压/75000.csv,75000,75000,15000,1307,1307,1308,1,1,1,1,0,114743174,15000,0,0,0,C1,S6,MAGNETIC
5,90000.csv,raw/blind/C1/magnetic/第六次加压/90000.csv,90000,90000,15000,1307,1307,1308,1,1,1,1,0,115317613,15000,0,1,0,C1,S6,MAGNETIC
1,15000.csv,raw/blind/C2/magnetic/零压力测试/15000.csv,15000,NaN,15000,1307,1307,1308,1,1,1,1,0,114564473,15000,0,0,0,C2,S0,MAGNETIC
2,30000.csv,raw/blind/C2/magnetic/零压力测试/30000.csv,30000,30000,15000,1307,1307,1308,1,1,1,1,0,115177214,15000,0,0,0,C2,S0,MAGNETIC
3,45000.csv,raw/blind/C2/magnetic/零压力测试/45000.csv,45000,45000,15000,1307,1307,1308,1,1,1,1,0,115029396,15000,0,0,0,C2,S0,MAGNETIC
4,60000.csv,raw/blind/C2/magnetic/零压力测试/60000.csv,60000,60000,15000,1307,1307,1308,1,1,1,1,0,114744879,15000,0,0,0,C2,S0,MAGNETIC
5,75000.csv,raw/blind/C2/magnetic/零压力测试/75000.csv,75000,75000,15000,1307,1307,1308,1,1,1,1,0,115119713,15000,0,1,0,C2,S0,MAGNETIC
1,0.csv,raw/blind/C2/magnetic/第一次加压/0.csv,0,NaN,15000,1307,1307,1308,1,1,1,1,0,114592359,15000,0,0,0,C2,S1,MAGNETIC
2,15000.csv,raw/blind/C2/magnetic/第一次加压/15000.csv,15000,15000,15000,1307,1307,1308,1,1,1,1,0,115211488,15000,0,0,0,C2,S1,MAGNETIC
3,30000.csv,raw/blind/C2/magnetic/第一次加压/30000.csv,30000,30000,15000,1307,1307,1308,1,1,1,1,0,115101082,15000,0,0,0,C2,S1,MAGNETIC
4,45000.csv,raw/blind/C2/magnetic/第一次加压/45000.csv,45000,45000,15000,1307,1307,1308,1,1,1,1,0,114749432,15000,0,0,0,C2,S1,MAGNETIC
5,60000.csv,raw/blind/C2/magnetic/第一次加压/60000.csv,60000,60000,15000,1307,1307,1308,1,1,1,1,0,115056083,15000,0,1,0,C2,S1,MAGNETIC
1,30000.csv,raw/blind/C2/magnetic/第二次加压/30000.csv,30000,NaN,15000,1307,1307,1308,1,1,1,1,0,114695062,15000,0,0,0,C2,S2,MAGNETIC
2,45000.csv,raw/blind/C2/magnetic/第二次加压/45000.csv,45000,45000,15000,1307,1307,1308,1,1,1,1,0,115203810,15000,0,0,0,C2,S2,MAGNETIC
3,60000.csv,raw/blind/C2/magnetic/第二次加压/60000.csv,60000,60000,15000,1307,1307,1308,1,1,1,1,0,114862568,15000,0,0,0,C2,S2,MAGNETIC
4,75000.csv,raw/blind/C2/magnetic/第二次加压/75000.csv,75000,75000,15000,1307,1307,1308,1,1,1,1,0,115161426,15000,0,0,0,C2,S2,MAGNETIC
5,90000.csv,raw/blind/C2/magnetic/第二次加压/90000.csv,90000,90000,15000,1307,1307,1308,1,1,1,1,0,115728140,15000,0,0,0,C2,S2,MAGNETIC
6,105000.csv,raw/blind/C2/magnetic/第二次加压/105000.csv,105000,105000,15000,1307,1307,1308,1,1,1,1,0,115726806,15000,0,0,0,C2,S2,MAGNETIC
7,120000.csv,raw/blind/C2/magnetic/第二次加压/120000.csv,120000,120000,15000,1307,1307,1308,1,1,1,1,0,115729970,15000,0,0,0,C2,S2,MAGNETIC
8,135000.csv,raw/blind/C2/magnetic/第二次加压/135000.csv,135000,135000,15000,1307,1307,1308,1,1,1,1,0,115731030,15000,0,0,0,C2,S2,MAGNETIC
9,150000.csv,raw/blind/C2/magnetic/第二次加压/150000.csv,150000,150000,15000,1307,1307,1308,1,1,1,1,0,115710537,15000,0,0,0,C2,S2,MAGNETIC
10,165000.csv,raw/blind/C2/magnetic/第二次加压/165000.csv,165000,165000,1572,1307,1307,1308,1,1,1,1,0,12134206,15000,1,1,1,C2,S2,MAGNETIC
1,75000.csv,raw/blind/C2/magnetic/第三次加压/75000.csv,75000,NaN,15000,1307,1307,1308,1,1,1,1,0,114630567,15000,0,0,0,C2,S3,MAGNETIC
2,90000.csv,raw/blind/C2/magnetic/第三次加压/90000.csv,90000,90000,15000,1307,1307,1308,1,1,1,1,0,115437851,15000,0,0,0,C2,S3,MAGNETIC
3,105000.csv,raw/blind/C2/magnetic/第三次加压/105000.csv,105000,105000,15000,1307,1307,1308,1,1,1,1,0,115151862,15000,0,0,0,C2,S3,MAGNETIC
4,120000.csv,raw/blind/C2/magnetic/第三次加压/120000.csv,120000,120000,15000,1307,1307,1308,1,1,1,1,0,114899588,15000,0,0,0,C2,S3,MAGNETIC
5,135000.csv,raw/blind/C2/magnetic/第三次加压/135000.csv,135000,135000,15000,1307,1307,1308,1,1,1,1,0,115354730,15000,0,0,0,C2,S3,MAGNETIC
6,150000.csv,raw/blind/C2/magnetic/第三次加压/150000.csv,150000,150000,15000,1307,1307,1308,1,1,1,1,0,115751760,15000,0,1,0,C2,S3,MAGNETIC
1,75000.csv,raw/blind/C2/magnetic/第四次加压/75000.csv,75000,NaN,15000,1307,1307,1308,1,1,1,1,0,114749086,15000,0,0,0,C2,S4,MAGNETIC
2,90000.csv,raw/blind/C2/magnetic/第四次加压/90000.csv,90000,90000,15000,1307,1307,1308,1,1,1,1,0,115155858,15000,0,0,0,C2,S4,MAGNETIC
3,105000.csv,raw/blind/C2/magnetic/第四次加压/105000.csv,105000,105000,15000,1307,1307,1308,1,1,1,1,0,114834821,15000,0,0,0,C2,S4,MAGNETIC
4,120000.csv,raw/blind/C2/magnetic/第四次加压/120000.csv,120000,120000,15000,1307,1307,1308,1,1,1,1,0,114580901,15000,0,0,0,C2,S4,MAGNETIC
5,135000.csv,raw/blind/C2/magnetic/第四次加压/135000.csv,135000,135000,15000,1307,1307,1308,1,1,1,1,0,115461064,15000,0,1,0,C2,S4,MAGNETIC
1,45000.csv,raw/blind/C2/magnetic/第五次加压/45000.csv,45000,NaN,15000,1307,1307,1308,1,1,1,1,0,114942552,15000,0,0,0,C2,S5,MAGNETIC
2,60000.csv,raw/blind/C2/magnetic/第五次加压/60000.csv,60000,60000,15000,1307,1307,1308,1,1,1,1,0,115156449,15000,0,0,0,C2,S5,MAGNETIC
3,75000.csv,raw/blind/C2/magnetic/第五次加压/75000.csv,75000,75000,15000,1307,1307,1308,1,1,1,1,0,114812503,15000,0,0,0,C2,S5,MAGNETIC
4,90000.csv,raw/blind/C2/magnetic/第五次加压/90000.csv,90000,90000,15000,1307,1307,1308,1,1,1,1,0,114580160,15000,0,0,0,C2,S5,MAGNETIC
5,105000.csv,raw/blind/C2/magnetic/第五次加压/105000.csv,105000,105000,15000,1307,1307,1308,1,1,1,1,0,115629975,15000,0,1,0,C2,S5,MAGNETIC
1,60000.csv,raw/blind/C2/magnetic/第六次加压/60000.csv,60000,NaN,15000,1307,1307,1308,1,1,1,1,0,114476634,15000,0,0,0,C2,S6,MAGNETIC
2,75000.csv,raw/blind/C2/magnetic/第六次加压/75000.csv,75000,75000,15000,1307,1307,1308,1,1,1,1,0,115333827,15000,0,0,0,C2,S6,MAGNETIC
3,90000.csv,raw/blind/C2/magnetic/第六次加压/90000.csv,90000,90000,15000,1307,1307,1308,1,1,1,1,0,115509937,15000,0,0,0,C2,S6,MAGNETIC
4,105000.csv,raw/blind/C2/magnetic/第六次加压/105000.csv,105000,105000,15000,1307,1307,1308,1,1,1,1,0,115152651,15000,0,0,0,C2,S6,MAGNETIC
5,120000.csv,raw/blind/C2/magnetic/第六次加压/120000.csv,120000,120000,15000,1307,1307,1308,1,1,1,1,0,115121900,15000,0,0,0,C2,S6,MAGNETIC
6,135000.csv,raw/blind/C2/magnetic/第六次加压/135000.csv,135000,135000,15000,1307,1307,1308,1,1,1,1,0,115747583,15000,0,1,0,C2,S6,MAGNETIC
1,60000.csv,raw/blind/C3/magnetic/零压力测试/60000.csv,60000,NaN,15000,1307,1307,1308,1,1,1,1,0,114651079,15000,0,0,0,C3,S0,MAGNETIC
2,75000.csv,raw/blind/C3/magnetic/零压力测试/75000.csv,75000,75000,15000,1307,1307,1308,1,1,1,1,0,114986480,15000,0,0,0,C3,S0,MAGNETIC
3,90000.csv,raw/blind/C3/magnetic/零压力测试/90000.csv,90000,90000,15000,1307,1307,1308,1,1,1,1,0,114994294,15000,0,0,0,C3,S0,MAGNETIC
4,105000.csv,raw/blind/C3/magnetic/零压力测试/105000.csv,105000,105000,15000,1307,1307,1308,1,1,1,1,0,114605004,15000,0,0,0,C3,S0,MAGNETIC
5,120000.csv,raw/blind/C3/magnetic/零压力测试/120000.csv,120000,120000,15000,1307,1307,1308,1,1,1,1,0,114755502,15000,0,0,0,C3,S0,MAGNETIC
6,135000.csv,raw/blind/C3/magnetic/零压力测试/135000.csv,135000,135000,15000,1307,1307,1308,1,1,1,1,0,115639662,15000,0,1,0,C3,S0,MAGNETIC
1,60000.csv,raw/blind/C3/magnetic/第一次加压/60000.csv,60000,NaN,15000,1307,1307,1308,1,1,1,1,0,114914307,15000,0,0,0,C3,S1,MAGNETIC
2,75000.csv,raw/blind/C3/magnetic/第一次加压/75000.csv,75000,75000,15000,1307,1307,1308,1,1,1,1,0,114878148,15000,0,0,0,C3,S1,MAGNETIC
3,90000.csv,raw/blind/C3/magnetic/第一次加压/90000.csv,90000,90000,15000,1307,1307,1308,1,1,1,1,0,115000678,15000,0,0,0,C3,S1,MAGNETIC
4,105000.csv,raw/blind/C3/magnetic/第一次加压/105000.csv,105000,105000,15000,1307,1307,1308,1,1,1,1,0,114582091,15000,0,0,0,C3,S1,MAGNETIC
5,120000.csv,raw/blind/C3/magnetic/第一次加压/120000.csv,120000,120000,15000,1307,1307,1308,1,1,1,1,0,114730916,15000,0,0,0,C3,S1,MAGNETIC
6,135000.csv,raw/blind/C3/magnetic/第一次加压/135000.csv,135000,135000,15000,1307,1307,1308,1,1,1,1,0,115720779,15000,0,1,0,C3,S1,MAGNETIC
1,60000.csv,raw/blind/C3/magnetic/第二次加压/60000.csv,60000,NaN,15000,1307,1307,1308,1,1,1,1,0,114908403,15000,0,0,0,C3,S2,MAGNETIC
2,75000.csv,raw/blind/C3/magnetic/第二次加压/75000.csv,75000,75000,15000,1307,1307,1308,1,1,1,1,0,115267919,15000,0,0,0,C3,S2,MAGNETIC
3,90000.csv,raw/blind/C3/magnetic/第二次加压/90000.csv,90000,90000,15000,1307,1307,1308,1,1,1,1,0,114966632,15000,0,0,0,C3,S2,MAGNETIC
4,105000.csv,raw/blind/C3/magnetic/第二次加压/105000.csv,105000,105000,15000,1307,1307,1308,1,1,1,1,0,114666520,15000,0,0,0,C3,S2,MAGNETIC
5,120000.csv,raw/blind/C3/magnetic/第二次加压/120000.csv,120000,120000,15000,1307,1307,1308,1,1,1,1,0,115324524,15000,0,1,0,C3,S2,MAGNETIC
