feature_id,cycle_id,stage_id,stage_ordinal,configuration,left_shift,right_shift,half_width,feature_value
MAG_F1_DW_Q90,C1,S0,0,0,-0.025,-0.025,0.026,0.10285659400871
MAG_F1_DW_Q90,C1,S0,0,1,-0.025,-0.025,0.033,0.10171776536177
MAG_F1_DW_Q90,C1,S0,0,2,-0.025,-0.025,0.042,0.099843977807957
MAG_F1_DW_Q90,C1,S0,0,3,-0.025,0,0.026,0.100948543103613
MAG_F1_DW_Q90,C1,S0,0,4,-0.025,0,0.033,0.0990215835367724
MAG_F1_DW_Q90,C1,S0,0,5,-0.025,0,0.042,0.0972994928955536
MAG_F1_DW_Q90,C1,S0,0,6,-0.025,0.025,0.026,0.0958234670600726
MAG_F1_DW_Q90,C1,S0,0,7,-0.025,0.025,0.033,0.0960074654585553
MAG_F1_DW_Q90,C1,S0,0,8,-0.025,0.025,0.042,0.0957907081369616
MAG_F1_DW_Q90,C1,S0,0,9,0,-0.025,0.026,0.104923352803156
MAG_F1_DW_Q90,C1,S0,0,10,0,-0.025,0.033,0.105419307268341
MAG_F1_DW_Q90,C1,S0,0,11,0,-0.025,0.042,0.104729836638409
MAG_F1_DW_Q90,C1,S0,0,12,0,0,0.026,0.102599940723139
MAG_F1_DW_Q90,C1,S0,0,13,0,0,0.033,0.102145171595957
MAG_F1_DW_Q90,C1,S0,0,14,0,0,0.042,0.102071802944191
MAG_F1_DW_Q90,C1,S0,0,15,0,0.025,0.026,0.100570805319198
MAG_F1_DW_Q90,C1,S0,0,16,0,0.025,0.033,0.100285414316609
MAG_F1_DW_Q90,C1,S0,0,17,0,0.025,0.042,0.0995806049813022
MAG_F1_DW_Q90,C1,S0,0,18,0.025,-0.025,0.026,0.110311163766994
MAG_F1_DW_Q90,C1,S0,0,19,0.025,-0.025,0.033,0.108887026486129
MAG_F1_DW_Q90,C1,S0,0,20,0.025,-0.025,0.042,0.107584024906156
MAG_F1_DW_Q90,C1,S0,0,21,0.025,0,0.026,0.106996224900388
MAG_F1_DW_Q90,C1,S0,0,22,0.025,0,0.033,0.105618177877512
MAG_F1_DW_Q90,C1,S0,0,23,0.025,0,0.042,0.104898050647433
MAG_F1_DW_Q90,C1,S0,0,24,0.025,0.025,0.026,0.103676025192721
MAG_F1_DW_Q90,C1,S0,0,25,0.025,0.025,0.033,0.101896024177176
MAG_F1_DW_Q90,C1,S0,0,26,0.025,0.025,0.042,0.101165114164352
MAG_F1_DW_Q90,C1,S1,1,0,-0.025,-0.025,0.026,0.245185022036507
MAG_F1_DW_Q90,C1,S1,1,1,-0.025,-0.025,0.033,0.246090436617969
MAG_F1_DW_Q90,C1,S1,1,2,-0.025,-0.025,0.042,0.247370658309982
MAG_F1_DW_Q90,C1,S1,1,3,-0.025,0,0.026,0.242100477397008
MAG_F1_DW_Q90,C1,S1,1,4,-0.025,0,0.033,0.246192574322707
MAG_F1_DW_Q90,C1,S1,1,5,-0.025,0,0.042,0.250241083287563
MAG_F1_DW_Q90,C1,S1,1,6,-0.025,0.025,0.026,0.242193011112409
MAG_F1_DW_Q90,C1,S1,1,7,-0.025,0.025,0.033,0.245739468299353
MAG_F1_DW_Q90,C1,S1,1,8,-0.025,0.025,0.042,0.253623732761773
MAG_F1_DW_Q90,C1,S1,1,9,0,-0.025,0.026,0.24792432444115
MAG_F1_DW_Q90,C1,S1,1,10,0,-0.025,0.033,0.249204475416938
MAG_F1_DW_Q90,C1,S1,1,11,0,-0.025,0.042,0.249188381738946
MAG_F1_DW_Q90,C1,S1,1,12,0,0,0.026,0.245008383119959
MAG_F1_DW_Q90,C1,S1,1,13,0,0,0.033,0.248739205118539
MAG_F1_DW_Q90,C1,S1,1,14,0,0,0.042,0.251883996839879
MAG_F1_DW_Q90,C1,S1,1,15,0,0.025,0.026,0.250835429186875
MAG_F1_DW_Q90,C1,S1,1,16,0,0.025,0.033,0.2512134872876
MAG_F1_DW_Q90,C1,S1,1,17,0,0.025,0.042,0.255274212933576
MAG_F1_DW_Q90,C1,S1,1,18,0.025,-0.025,0.026,0.25379968466998
MAG_F1_DW_Q90,C1,S1,1,19,0.025,-0.025,0.033,0.256747240082712
MAG_F1_DW_Q90,C1,S1,1,20,0.025,-0.025,0.042,0.258213773033606
MAG_F1_DW_Q90,C1,S1,1,21,0.025,0,0.026,0.25163003833783
MAG_F1_DW_Q90,C1,S1,1,22,0.025,0,0.033,0.25439942064843
MAG_F1_DW_Q90,C1,S1,1,23,0.025,0,0.042,0.261456580467491
MAG_F1_DW_Q90,C1,S1,1,24,0.025,0.025,0.026,0.256621419645257
MAG_F1_DW_Q90,C1,S1,1,25,0.025,0.025,0.033,0.256890994044906
MAG_F1_DW_Q90,C1,S1,1,26,0.025,0.025,0.042,0.258971299536207
MAG_F1_DW_Q90,C1,S2,2,0,-0.025,-0.025,0.026,0.470626596020385
MAG_F1_DW_Q90,C1,S2,2,1,-0.025,-0.025,0.033,0.473522207888406
MAG_F1_DW_Q90,C1,S2,2,2,-0.025,-0.025,0.042,0.475635471323882
MAG_F1_DW_Q90,C1,S2,2,3,-0.025,0,0.026,0.471555471080948
MAG_F1_DW_Q90,C1,S2,2,4,-0.025,0,0.033,0.476495859413504
MAG_F1_DW_Q90,C1,S2,2,5,-0.025,0,0.042,0.480730460425845
MAG_F1_DW_Q90,C1,S2,2,6,-0.025,0.025,0.026,0.473751258937114
MAG_F1_DW_Q90,C1,S2,2,7,-0.025,0.025,0.033,0.475064490909518
MAG_F1_DW_Q90,C1,S2,2,8,-0.025,0.025,0.042,0.479826008391661
MAG_F1_DW_Q90,C1,S2,2,9,0,-0.025,0.026,0.474870471356226
MAG_F1_DW_Q90,C1,S2,2,10,0,-0.025,0.033,0.480885606403029
MAG_F1_DW_Q90,C1,S2,2,11,0,-0.025,0.042,0.481361839127315
MAG_F1_DW_Q90,C1,S2,2,12,0,0,0.026,0.474443890681767
MAG_F1_DW_Q90,C1,S2,2,13,0,0,0.033,0.480729802512445
MAG_F1_DW_Q90,C1,S2,2,14,0,0,0.042,0.486095624690946
MAG_F1_DW_Q90,C1,S2,2,15,0,0.025,0.026,0.475540413021281
MAG_F1_DW_Q90,C1,S2,2,16,0,0.025,0.033,0.478375951747988
MAG_F1_DW_Q90,C1,S2,2,17,0,0.025,0.042,0.481677066040229
MAG_F1_DW_Q90,C1,S2,2,18,0.025,-0.025,0.026,0.484969239917113
MAG_F1_DW_Q90,C1,S2,2,19,0.025,-0.025,0.033,0.488412686970056
MAG_F1_DW_Q90,C1,S2,2,20,0.025,-0.025,0.042,0.493387111839266
MAG_F1_DW_Q90,C1,S2,2,21,0.025,0,0.026,0.483301287274519
MAG_F1_DW_Q90,C1,S2,2,22,0.025,0,0.033,0.491396379810943
MAG_F1_DW_Q90,C1,S2,2,23,0.025,0,0.042,0.49771845480828
MAG_F1_DW_Q90,C1,S2,2,24,0.025,0.025,0.026,0.479249521458229
MAG_F1_DW_Q90,C1,S2,2,25,0.025,0.025,0.033,0.48406356999921
MAG_F1_DW_Q90,C1,S2,2,26,0.025,0.025,0.042,0.494451956487666
MAG_F1_DW_Q90,C1,S3,3,0,-0.025,-0.025,0.026,0.796411793695136
MAG_F1_DW_Q90,C1,S3,3,1,-0.025,-0.025,0.033,0.798841608875656
MAG_F1_DW_Q90,C1,S3,3,2,-0.025,-0.025,0.042,0.803762729358221
MAG_F1_DW_Q90,C1,S3,3,3,-0.025,0,0.026,0.806372232336841
MAG_F1_DW_Q90,C1,S3,3,4,-0.025,0,0.033,0.811290036070661
MAG_F1_DW_Q90,C1,S3,3,5,-0.025,0,0.042,0.815951193009541
MAG_F1_DW_Q90,C1,S3,3,6,-0.025,0.025,0.026,0.812112287627997
MAG_F1_DW_Q90,C1,S3,3,7,-0.025,0.025,0.033,0.816417840414775
MAG_F1_DW_Q90,C1,S3,3,8,-0.025,0.025,0.042,0.822738587917333
MAG_F1_DW_Q90,C1,S3,3,9,0,-0.025,0.026,0.795258771858717
MAG_F1_DW_Q90,C1,S3,3,10,0,-0.025,0.033,0.79808994930887
MAG_F1_DW_Q90,C1,S3,3,11,0,-0.025,0.042,0.804450598442352
MAG_F1_DW_Q90,C1,S3,3,12,0,0,0.026,0.804813201896167
MAG_F1_DW_Q90,C1,S3,3,13,0,0,0.033,0.811895382541644
MAG_F1_DW_Q90,C1,S3,3,14,0,0,0.042,0.818809595992345
MAG_F1_DW_Q90,C1,S3,3,15,0,0.025,0.026,0.811138286507354
MAG_F1_DW_Q90,C1,S3,3,16,0,0.025,0.033,0.817513567291513
MAG_F1_DW_Q90,C1,S3,3,17,0,0.025,0.042,0.82412387508288
MAG_F1_DW_Q90,C1,S3,3,18,0.025,-0.025,0.026,0.798239919056501
MAG_F1_DW_Q90,C1,S3,3,19,0.025,-0.025,0.033,0.800543251929187
MAG_F1_DW_Q90,C1,S3,3,20,0.025,-0.025,0.042,0.805155216002268
MAG_F1_DW_Q90,C1,S3,3,21,0.025,0,0.026,0.807463839264394
MAG_F1_DW_Q90,C1,S3,3,22,0.025,0,0.033,0.814606063254539
MAG_F1_DW_Q90,C1,S3,3,23,0.025,0,0.042,0.822060488013715
MAG_F1_DW_Q90,C1,S3,3,24,0.025,0.025,0.026,0.811002151484497
MAG_F1_DW_Q90,C1,S3,3,25,0.025,0.025,0.033,0.818863118464792
MAG_F1_DW_Q90,C1,S3,3,26,0.025,0.025,0.042,0.82541083075326
MAG_F1_DW_Q90,C1,S4,4,0,-0.025,-0.025,0.026,1.10427976238728
MAG_F1_DW_Q90,C1,S4,4,1,-0.025,-0.025,0.033,1.11076630418282
MAG_F1_DW_Q90,C1,S4,4,2,-0.025,-0.025,0.042,1.1154252596782
MAG_F1_DW_Q90,C1,S4,4,3,-0.025,0,0.026,1.11098028722213
MAG_F1_DW_Q90,C1,S4,4,4,-0.025,0,0.033,1.12269733046343
MAG_F1_DW_Q90,C1,S4,4,5,-0.025,0,0.042,1.13265372320629
MAG_F1_DW_Q90,C1,S4,4,6,-0.025,0.025,0.026,1.11504395221553
MAG_F1_DW_Q90,C1,S4,4,7,-0.025,0.025,0.033,1.119988699855
MAG_F1_DW_Q90,C1,S4,4,8,-0.025,0.025,0.042,1.13505306391743
MAG_F1_DW_Q90,C1,S4,4,9,0,-0.025,0.026,1.11056181319295
MAG_F1_DW_Q90,C1,S4,4,10,0,-0.025,0.033,1.11611161369428
MAG_F1_DW_Q90,C1,S4,4,11,0,-0.025,0.042,1.11916598819962
MAG_F1_DW_Q90,C1,S4,4,12,0,0,0.026,1.11992272151704
MAG_F1_DW_Q90,C1,S4,4,13,0,0,0.033,1.12867912075802
MAG_F1_DW_Q90,C1,S4,4,14,0,0,0.042,1.13744433871264
MAG_F1_DW_Q90,C1,S4,4,15,0,0.025,0.026,1.12370603579963
MAG_F1_DW_Q90,C1,S4,4,16,0,0.025,0.033,1.1307988233393
MAG_F1_DW_Q90,C1,S4,4,17,0,0.025,0.042,1.14472273809818
MAG_F1_DW_Q90,C1,S4,4,18,0.025,-0.025,0.026,1.11263697031451
MAG_F1_DW_Q90,C1,S4,4,19,0.025,-0.025,0.033,1.12036428824163
MAG_F1_DW_Q90,C1,S4,4,20,0.025,-0.025,0.042,1.12395157520954
MAG_F1_DW_Q90,C1,S4,4,21,0.025,0,0.026,1.12172906284865
MAG_F1_DW_Q90,C1,S4,4,22,0.025,0,0.033,1.13373298895643
MAG_F1_DW_Q90,C1,S4,4,23,0.025,0,0.042,1.14293699596757
MAG_F1_DW_Q90,C1,S4,4,24,0.025,0.025,0.026,1.12771425827318
MAG_F1_DW_Q90,C1,S4,4,25,0.025,0.025,0.033,1.13600276983068
MAG_F1_DW_Q90,C1,S4,4,26,0.025,0.025,0.042,1.14762238524746
MAG_F1_DW_Q90,C1,S5,5,0,-0.025,-0.025,0.026,1.30572151283331
MAG_F1_DW_Q90,C1,S5,5,1,-0.025,-0.025,0.033,1.31128766983233
MAG_F1_DW_Q90,C1,S5,5,2,-0.025,-0.025,0.042,1.31791069650787
MAG_F1_DW_Q90,C1,S5,5,3,-0.025,0,0.026,1.31878882981194
MAG_F1_DW_Q90,C1,S5,5,4,-0.025,0,0.033,1.32188647815524
MAG_F1_DW_Q90,C1,S5,5,5,-0.025,0,0.042,1.32499980926514
MAG_F1_DW_Q90,C1,S5,5,6,-0.025,0.025,0.026,1.32425367047476
MAG_F1_DW_Q90,C1,S5,5,7,-0.025,0.025,0.033,1.32936601521907
MAG_F1_DW_Q90,C1,S5,5,8,-0.025,0.025,0.042,1.33660240219594
MAG_F1_DW_Q90,C1,S5,5,9,0,-0.025,0.026,1.3051192706261
MAG_F1_DW_Q90,C1,S5,5,10,0,-0.025,0.033,1.31269638838201
MAG_F1_DW_Q90,C1,S5,5,11,0,-0.025,0.042,1.32418707624788
MAG_F1_DW_Q90,C1,S5,5,12,0,0,0.026,1.31531316875693
MAG_F1_DW_Q90,C1,S5,5,13,0,0,0.033,1.31837769899905
MAG_F1_DW_Q90,C1,S5,5,14,0,0,0.042,1.32965832657269
MAG_F1_DW_Q90,C1,S5,5,15,0,0.025,0.026,1.32318632326833
MAG_F1_DW_Q90,C1,S5,5,16,0,0.025,0.033,1.32822937640713
MAG_F1_DW_Q90,C1,S5,5,17,0,0.025,0.042,1.3369527290795
MAG_F1_DW_Q90,C1,S5,5,18,0.025,-0.025,0.026,1.30525587481027
MAG_F1_DW_Q90,C1,S5,5,19,0.025,-0.025,0.033,1.3144127116268
MAG_F1_DW_Q90,C1,S5,5,20,0.025,-0.025,0.042,1.33121624636002
MAG_F1_DW_Q90,C1,S5,5,21,0.025,0,0.026,1.31258538995799
MAG_F1_DW_Q90,C1,S5,5,22,0.025,0,0.033,1.31804380119756
MAG_F1_DW_Q90,C1,S5,5,23,0.025,0,0.042,1.33325769596532
MAG_F1_DW_Q90,C1,S5,5,24,0.025,0.025,0.026,1.3165728374398
MAG_F1_DW_Q90,C1,S5,5,25,0.025,0.025,0.033,1.32201076239305
MAG_F1_DW_Q90,C1,S5,5,26,0.025,0.025,0.042,1.33649688966802
MAG_F1_DW_Q90,C1,S6,6,0,-0.025,-0.025,0.026,1.4587488723156
MAG_F1_DW_Q90,C1,S6,6,1,-0.025,-0.025,0.033,1.46515909751202
MAG_F1_DW_Q90,C1,S6,6,2,-0.025,-0.025,0.042,1.47049076698432
MAG_F1_DW_Q90,C1,S6,6,3,-0.025,0,0.026,1.47154704384041
MAG_F1_DW_Q90,C1,S6,6,4,-0.025,0,0.033,1.47797415919235
MAG_F1_DW_Q90,C1,S6,6,5,-0.025,0,0.042,1.48465575706752
MAG_F1_DW_Q90,C1,S6,6,6,-0.025,0.025,0.026,1.48335777485885
MAG_F1_DW_Q90,C1,S6,6,7,-0.025,0.025,0.033,1.49343058454606
MAG_F1_DW_Q90,C1,S6,6,8,-0.025,0.025,0.042,1.50650463929363
MAG_F1_DW_Q90,C1,S6,6,9,0,-0.025,0.026,1.45610370712737
MAG_F1_DW_Q90,C1,S6,6,10,0,-0.025,0.033,1.46438701330188
MAG_F1_DW_Q90,C1,S6,6,11,0,-0.025,0.042,1.47157844600522
MAG_F1_DW_Q90,C1,S6,6,12,0,0,0.026,1.46643046308884
MAG_F1_DW_Q90,C1,S6,6,13,0,0,0.033,1.47710306060435
MAG_F1_DW_Q90,C1,S6,6,14,0,0,0.042,1.4847458795764
MAG_F1_DW_Q90,C1,S6,6,15,0,0.025,0.026,1.48484115733066
MAG_F1_DW_Q90,C1,S6,6,16,0,0.025,0.033,1.49475547628382
MAG_F1_DW_Q90,C1,S6,6,17,0,0.025,0.042,1.51102278497506
MAG_F1_DW_Q90,C1,S6,6,18,0.025,-0.025,0.026,1.44925009240129
MAG_F1_DW_Q90,C1,S6,6,19,0.025,-0.025,0.033,1.4597326852612
MAG_F1_DW_Q90,C1,S6,6,20,0.025,-0.025,0.042,1.47044559628205
MAG_F1_DW_Q90,C1,S6,6,21,0.025,0,0.026,1.46254797300743
MAG_F1_DW_Q90,C1,S6,6,22,0.025,0,0.033,1.47135513875572
MAG_F1_DW_Q90,C1,S6,6,23,0.025,0,0.042,1.48295587897771
MAG_F1_DW_Q90,C1,S6,6,24,0.025,0.025,0.026,1.47735980541564
MAG_F1_DW_Q90,C1,S6,6,25,0.025,0.025,0.033,1.48844163330298
MAG_F1_DW_Q90,C1,S6,6,26,0.025,0.025,0.042,1.50705931502543
MAG_F1_DW_Q90,C2,S0,0,0,-0.025,-0.025,0.026,0.0668236556839117
MAG_F1_DW_Q90,C2,S0,0,1,-0.025,-0.025,0.033,0.0668625912666831
MAG_F1_DW_Q90,C2,S0,0,2,-0.025,-0.025,0.042,0.066823684464431
MAG_F1_DW_Q90,C2,S0,0,3,-0.025,0,0.026,0.073881404485773
MAG_F1_DW_Q90,C2,S0,0,4,-0.025,0,0.033,0.0739200134277493
MAG_F1_DW_Q90,C2,S0,0,5,-0.025,0,0.042,0.0756815014750833
MAG_F1_DW_Q90,C2,S0,0,6,-0.025,0.025,0.026,0.0768510329719136
MAG_F1_DW_Q90,C2,S0,0,7,-0.025,0.025,0.033,0.0814879945601286
MAG_F1_DW_Q90,C2,S0,0,8,-0.025,0.025,0.042,0.086749735840669
MAG_F1_DW_Q90,C2,S0,0,9,0,-0.025,0.026,0.0739200134277493
MAG_F1_DW_Q90,C2,S0,0,10,0,-0.025,0.033,0.0739200134277493
MAG_F1_DW_Q90,C2,S0,0,11,0,-0.025,0.042,0.0739200134277493
MAG_F1_DW_Q90,C2,S0,0,12,0,0,0.026,0.0832750182152013
MAG_F1_DW_Q90,C2,S0,0,13,0,0,0.033,0.0832750182152013
MAG_F1_DW_Q90,C2,S0,0,14,0,0,0.042,0.0850901560179791
MAG_F1_DW_Q90,C2,S0,0,15,0,0.025,0.026,0.0847059180384759
MAG_F1_DW_Q90,C2,S0,0,16,0,0.025,0.033,0.0924891759593949
MAG_F1_DW_Q90,C2,S0,0,17,0,0.025,0.042,0.0962929292567387
MAG_F1_DW_Q90,C2,S0,0,18,0.025,-0.025,0.026,0.0832750182152013
MAG_F1_DW_Q90,C2,S0,0,19,0.025,-0.025,0.033,0.0832750182152013
MAG_F1_DW_Q90,C2,S0,0,20,0.025,-0.025,0.042,0.0832750182152013
MAG_F1_DW_Q90,C2,S0,0,21,0.025,0,0.026,0.0924000310897899
MAG_F1_DW_Q90,C2,S0,0,22,0.025,0,0.033,0.0924000310897901
MAG_F1_DW_Q90,C2,S0,0,23,0.025,0,0.042,0.0944149639279319
MAG_F1_DW_Q90,C2,S0,0,24,0.025,0.025,0.026,0.0951771762086564
MAG_F1_DW_Q90,C2,S0,0,25,0.025,0.025,0.033,0.100563539373461
MAG_F1_DW_Q90,C2,S0,0,26,0.025,0.025,0.042,0.10392562322485
MAG_F1_DW_Q90,C2,S1,1,0,-0.025,-0.025,0.026,0.268853709869985
MAG_F1_DW_Q90,C2,S1,1,1,-0.025,-0.025,0.033,0.270463140732679
MAG_F1_DW_Q90,C2,S1,1,2,-0.025,-0.025,0.042,0.271533559508514
MAG_F1_DW_Q90,C2,S1,1,3,-0.025,0,0.026,0.28379901014669
MAG_F1_DW_Q90,C2,S1,1,4,-0.025,0,0.033,0.289375046509538
MAG_F1_DW_Q90,C2,S1,1,5,-0.025,0,0.042,0.290752221183424
MAG_F1_DW_Q90,C2,S1,1,6,-0.025,0.025,0.026,0.29115468561193
MAG_F1_DW_Q90,C2,S1,1,7,-0.025,0.025,0.033,0.297901813453249
MAG_F1_DW_Q90,C2,S1,1,8,-0.025,0.025,0.042,0.306646273758278
MAG_F1_DW_Q90,C2,S1,1,9,0,-0.025,0.026,0.27037638818959
MAG_F1_DW_Q90,C2,S1,1,10,0,-0.025,0.033,0.272448639103507
MAG_F1_DW_Q90,C2,S1,1,11,0,-0.025,0.042,0.27642368399253
MAG_F1_DW_Q90,C2,S1,1,12,0,0,0.026,0.288705247366472
MAG_F1_DW_Q90,C2,S1,1,13,0,0,0.033,0.294773071384574
MAG_F1_DW_Q90,C2,S1,1,14,0,0,0.042,0.299032270154119
MAG_F1_DW_Q90,C2,S1,1,15,0,0.025,0.026,0.297975510891611
MAG_F1_DW_Q90,C2,S1,1,16,0,0.025,0.033,0.303816070720475
MAG_F1_DW_Q90,C2,S1,1,17,0,0.025,0.042,0.316954948107406
MAG_F1_DW_Q90,C2,S1,1,18,0.025,-0.025,0.026,0.282368592415852
MAG_F1_DW_Q90,C2,S1,1,19,0.025,-0.025,0.033,0.2807338014147
MAG_F1_DW_Q90,C2,S1,1,20,0.025,-0.025,0.042,0.281311795571061
MAG_F1_DW_Q90,C2,S1,1,21,0.025,0,0.026,0.300956995664011
MAG_F1_DW_Q90,C2,S1,1,22,0.025,0,0.033,0.304980312394824
MAG_F1_DW_Q90,C2,S1,1,23,0.025,0,0.042,0.306013291557906
MAG_F1_DW_Q90,C2,S1,1,24,0.025,0.025,0.026,0.309016146322844
MAG_F1_DW_Q90,C2,S1,1,25,0.025,0.025,0.033,0.31190682731206
MAG_F1_DW_Q90,C2,S1,1,26,0.025,0.025,0.042,0.318910712093455
MAG_F1_DW_Q90,C2,S2,2,0,-0.025,-0.025,0.026,0.213850413978354
MAG_F1_DW_Q90,C2,S2,2,1,-0.025,-0.025,0.033,0.212945596022839
MAG_F1_DW_Q90,C2,S2,2,2,-0.025,-0.025,0.042,0.213929623077655
MAG_F1_DW_Q90,C2,S2,2,3,-0.025,0,0.026,0.216233509128039
MAG_F1_DW_Q90,C2,S2,2,4,-0.025,0,0.033,0.220941964833058
MAG_F1_DW_Q90,C2,S2,2,5,-0.025,0,0.042,0.224792192945833
MAG_F1_DW_Q90,C2,S2,2,6,-0.025,0.025,0.026,0.22876781394096
MAG_F1_DW_Q90,C2,S2,2,7,-0.025,0.025,0.033,0.235317476527254
MAG_F1_DW_Q90,C2,S2,2,8,-0.025,0.025,0.042,0.237037489376396
MAG_F1_DW_Q90,C2,S2,2,9,0,-0.025,0.026,0.210664828434532
MAG_F1_DW_Q90,C2,S2,2,10,0,-0.025,0.033,0.210747518574118
MAG_F1_DW_Q90,C2,S2,2,11,0,-0.025,0.042,0.212372353818803
MAG_F1_DW_Q90,C2,S2,2,12,0,0,0.026,0.213030044348665
MAG_F1_DW_Q90,C2,S2,2,13,0,0,0.033,0.218764736530775
MAG_F1_DW_Q90,C2,S2,2,14,0,0,0.042,0.223173919918293
MAG_F1_DW_Q90,C2,S2,2,15,0,0.025,0.026,0.199634428293067
MAG_F1_DW_Q90,C2,S2,2,16,0,0.025,0.033,0.207917482611682
MAG_F1_DW_Q90,C2,S2,2,17,0,0.025,0.042,0.210383671003453
MAG_F1_DW_Q90,C2,S2,2,18,0.025,-0.025,0.026,0.208684406573479
MAG_F1_DW_Q90,C2,S2,2,19,0.025,-0.025,0.033,0.20883630307959
MAG_F1_DW_Q90,C2,S2,2,20,0.025,-0.025,0.042,0.209568095040424
MAG_F1_DW_Q90,C2,S2,2,21,0.025,0,0.026,0.183298626185896
MAG_F1_DW_Q90,C2,S2,2,22,0.025,0,0.033,0.189667613665717
MAG_F1_DW_Q90,C2,S2,2,23,0.025,0,0.042,0.193743421153884
MAG_F1_DW_Q90,C2,S2,2,24,0.025,0.025,0.026,0.197633023858034
MAG_F1_DW_Q90,C2,S2,2,25,0.025,0.025,0.033,0.206066439313362
MAG_F1_DW_Q90,C2,S2,2,26,0.025,0.025,0.042,0.207742454053088
MAG_F1_DW_Q90,C2,S3,3,0,-0.025,-0.025,0.026,0.829350535792116
MAG_F1_DW_Q90,C2,S3,3,1,-0.025,-0.025,0.033,0.833437955828372
MAG_F1_DW_Q90,C2,S3,3,2,-0.025,-0.025,0.042,0.836548013689361
MAG_F1_DW_Q90,C2,S3,3,3,-0.025,0,0.026,0.848152892679138
MAG_F1_DW_Q90,C2,S3,3,4,-0.025,0,0.033,0.857360358786114
MAG_F1_DW_Q90,C2,S3,3,5,-0.025,0,0.042,0.86467395484569
MAG_F1_DW_Q90,C2,S3,3,6,-0.025,0.025,0.026,0.859909771919206
MAG_F1_DW_Q90,C2,S3,3,7,-0.025,0.025,0.033,0.868270753977813
MAG_F1_DW_Q90,C2,S3,3,8,-0.025,0.025,0.042,0.880150596147301
MAG_F1_DW_Q90,C2,S3,3,9,0,-0.025,0.026,0.823838397437736
MAG_F1_DW_Q90,C2,S3,3,10,0,-0.025,0.033,0.826802193823394
MAG_F1_DW_Q90,C2,S3,3,11,0,-0.025,0.042,0.835449673787453
MAG_F1_DW_Q90,C2,S3,3,12,0,0,0.026,0.846381818909975
MAG_F1_DW_Q90,C2,S3,3,13,0,0,0.033,0.856306823867754
MAG_F1_DW_Q90,C2,S3,3,14,0,0,0.042,0.869145127372861
MAG_F1_DW_Q90,C2,S3,3,15,0,0.025,0.026,0.86272666961538
MAG_F1_DW_Q90,C2,S3,3,16,0,0.025,0.033,0.869823388219553
MAG_F1_DW_Q90,C2,S3,3,17,0,0.025,0.042,0.885398548527787
MAG_F1_DW_Q90,C2,S3,3,18,0.025,-0.025,0.026,0.831595520086846
MAG_F1_DW_Q90,C2,S3,3,19,0.025,-0.025,0.033,0.833237738145419
MAG_F1_DW_Q90,C2,S3,3,20,0.025,-0.025,0.042,0.839828165915137
MAG_F1_DW_Q90,C2,S3,3,21,0.025,0,0.026,0.852558255224115
MAG_F1_DW_Q90,C2,S3,3,22,0.025,0,0.033,0.860074323255005
MAG_F1_DW_Q90,C2,S3,3,23,0.025,0,0.042,0.871217038359685
MAG_F1_DW_Q90,C2,S3,3,24,0.025,0.025,0.026,0.866491689352815
MAG_F1_DW_Q90,C2,S3,3,25,0.025,0.025,0.033,0.869708870939823
MAG_F1_DW_Q90,C2,S3,3,26,0.025,0.025,0.042,0.885049991516664
MAG_F1_DW_Q90,C2,S4,4,0,-0.025,-0.025,0.026,1.15161935958325
MAG_F1_DW_Q90,C2,S4,4,1,-0.025,-0.025,0.033,1.16069667606344
MAG_F1_DW_Q90,C2,S4,4,2,-0.025,-0.025,0.042,1.16435314963454
MAG_F1_DW_Q90,C2,S4,4,3,-0.025,0,0.026,1.169220522777
MAG_F1_DW_Q90,C2,S4,4,4,-0.025,0,0.033,1.17945861218902
MAG_F1_DW_Q90,C2,S4,4,5,-0.025,0,0.042,1.19269246521454
MAG_F1_DW_Q90,C2,S4,4,6,-0.025,0.025,0.026,1.18421759044831
MAG_F1_DW_Q90,C2,S4,4,7,-0.025,0.025,0.033,1.1977350928703
MAG_F1_DW_Q90,C2,S4,4,8,-0.025,0.025,0.042,1.20398129854697
MAG_F1_DW_Q90,C2,S4,4,9,0,-0.025,0.026,1.1455364669289
MAG_F1_DW_Q90,C2,S4,4,10,0,-0.025,0.033,1.15565605608847
MAG_F1_DW_Q90,C2,S4,4,11,0,-0.025,0.042,1.16047653065067
MAG_F1_DW_Q90,C2,S4,4,12,0,0,0.026,1.16022831001784
MAG_F1_DW_Q90,C2,S4,4,13,0,0,0.033,1.17209335392242
MAG_F1_DW_Q90,C2,S4,4,14,0,0,0.042,1.18595545521561
MAG_F1_DW_Q90,C2,S4,4,15,0,0.025,0.026,1.1825974325622
MAG_F1_DW_Q90,C2,S4,4,16,0,0.025,0.033,1.19568985390971
MAG_F1_DW_Q90,C2,S4,4,17,0,0.025,0.042,1.20091790831067
MAG_F1_DW_Q90,C2,S4,4,18,0.025,-0.025,0.026,1.13938000798576
MAG_F1_DW_Q90,C2,S4,4,19,0.025,-0.025,0.033,1.14579220353517
MAG_F1_DW_Q90,C2,S4,4,20,0.025,-0.025,0.042,1.1511538633512
MAG_F1_DW_Q90,C2,S4,4,21,0.025,0,0.026,1.15928656422674
MAG_F1_DW_Q90,C2,S4,4,22,0.025,0,0.033,1.16945297857378
MAG_F1_DW_Q90,C2,S4,4,23,0.025,0,0.042,1.18623311508486
MAG_F1_DW_Q90,C2,S4,4,24,0.025,0.025,0.026,1.17770213034189
MAG_F1_DW_Q90,C2,S4,4,25,0.025,0.025,0.033,1.18851611986959
MAG_F1_DW_Q90,C2,S4,4,26,0.025,0.025,0.042,1.19792650540842
MAG_F1_DW_Q90,C2,S5,5,0,-0.025,-0.025,0.026,1.38496480143846
MAG_F1_DW_Q90,C2,S5,5,1,-0.025,-0.025,0.033,1.38771033938426
MAG_F1_DW_Q90,C2,S5,5,2,-0.025,-0.025,0.042,1.39387626502089
MAG_F1_DW_Q90,C2,S5,5,3,-0.025,0,0.026,1.39646688014191
MAG_F1_DW_Q90,C2,S5,5,4,-0.025,0,0.033,1.40167613556902
MAG_F1_DW_Q90,C2,S5,5,5,-0.025,0,0.042,1.41608412599912
MAG_F1_DW_Q90,C2,S5,5,6,-0.025,0.025,0.026,1.40259568890666
MAG_F1_DW_Q90,C2,S5,5,7,-0.025,0.025,0.033,1.41943706155378
MAG_F1_DW_Q90,C2,S5,5,8,-0.025,0.025,0.042,1.4391828302932
MAG_F1_DW_Q90,C2,S5,5,9,0,-0.025,0.026,1.37356808142574
MAG_F1_DW_Q90,C2,S5,5,10,0,-0.025,0.033,1.37952585645144
MAG_F1_DW_Q90,C2,S5,5,11,0,-0.025,0.042,1.38922531839995
MAG_F1_DW_Q90,C2,S5,5,12,0,0,0.026,1.38445830113585
MAG_F1_DW_Q90,C2,S5,5,13,0,0,0.033,1.39350647016978
MAG_F1_DW_Q90,C2,S5,5,14,0,0,0.042,1.41032539332934
MAG_F1_DW_Q90,C2,S5,5,15,0,0.025,0.026,1.3985165932322
MAG_F1_DW_Q90,C2,S5,5,16,0,0.025,0.033,1.41515264598583
MAG_F1_DW_Q90,C2,S5,5,17,0,0.025,0.042,1.43747615074635
MAG_F1_DW_Q90,C2,S5,5,18,0.025,-0.025,0.026,1.37298807211587
MAG_F1_DW_Q90,C2,S5,5,19,0.025,-0.025,0.033,1.37516210577785
MAG_F1_DW_Q90,C2,S5,5,20,0.025,-0.025,0.042,1.38082436478483
MAG_F1_DW_Q90,C2,S5,5,21,0.025,0,0.026,1.38492694005018
MAG_F1_DW_Q90,C2,S5,5,22,0.025,0,0.033,1.38984855776033
MAG_F1_DW_Q90,C2,S5,5,23,0.025,0,0.042,1.40425112253654
MAG_F1_DW_Q90,C2,S5,5,24,0.025,0.025,0.026,1.39758894558181
MAG_F1_DW_Q90,C2,S5,5,25,0.025,0.025,0.033,1.41115082465547
MAG_F1_DW_Q90,C2,S5,5,26,0.025,0.025,0.042,1.42857805408424
MAG_F1_DW_Q90,C2,S6,6,0,-0.025,-0.025,0.026,1.49672582665645
MAG_F1_DW_Q90,C2,S6,6,1,-0.025,-0.025,0.033,1.50133293934332
MAG_F1_DW_Q90,C2,S6,6,2,-0.025,-0.025,0.042,1.50840827267346
MAG_F1_DW_Q90,C2,S6,6,3,-0.025,0,0.026,1.51130698809129
MAG_F1_DW_Q90,C2,S6,6,4,-0.025,0,0.033,1.5172407169635
MAG_F1_DW_Q90,C2,S6,6,5,-0.025,0,0.042,1.52483548573938
MAG_F1_DW_Q90,C2,S6,6,6,-0.025,0.025,0.026,1.51962573443633
MAG_F1_DW_Q90,C2,S6,6,7,-0.025,0.025,0.033,1.53490495594742
MAG_F1_DW_Q90,C2,S6,6,8,-0.025,0.025,0.042,1.5540510557099
MAG_F1_DW_Q90,C2,S6,6,9,0,-0.025,0.026,1.48592051198383
MAG_F1_DW_Q90,C2,S6,6,10,0,-0.025,0.033,1.48981851729007
MAG_F1_DW_Q90,C2,S6,6,11,0,-0.025,0.042,1.50215818108306
MAG_F1_DW_Q90,C2,S6,6,12,0,0,0.026,1.50094839165053
MAG_F1_DW_Q90,C2,S6,6,13,0,0,0.033,1.50439388877689
MAG_F1_DW_Q90,C2,S6,6,14,0,0,0.042,1.51904701855927
MAG_F1_DW_Q90,C2,S6,6,15,0,0.025,0.026,1.51904149909938
MAG_F1_DW_Q90,C2,S6,6,16,0,0.025,0.033,1.53368003556508
MAG_F1_DW_Q90,C2,S6,6,17,0,0.025,0.042,1.55297948430743
MAG_F1_DW_Q90,C2,S6,6,18,0.025,-0.025,0.026,1.48143950944033
MAG_F1_DW_Q90,C2,S6,6,19,0.025,-0.025,0.033,1.48595394224343
MAG_F1_DW_Q90,C2,S6,6,20,0.025,-0.025,0.042,1.4902272184032
MAG_F1_DW_Q90,C2,S6,6,21,0.025,0,0.026,1.50057980349021
MAG_F1_DW_Q90,C2,S6,6,22,0.025,0,0.033,1.50440173518268
MAG_F1_DW_Q90,C2,S6,6,23,0.025,0,0.042,1.51099909714376
MAG_F1_DW_Q90,C2,S6,6,24,0.025,0.025,0.026,1.51710299086202
MAG_F1_DW_Q90,C2,S6,6,25,0.025,0.025,0.033,1.52900647530044
MAG_F1_DW_Q90,C2,S6,6,26,0.025,0.025,0.042,1.54263101897674
MAG_F1_DW_Q90,C3,S0,0,0,-0.025,-0.025,0.026,0.0321611285756318
MAG_F1_DW_Q90,C3,S0,0,1,-0.025,-0.025,0.033,0.0328070682847261
MAG_F1_DW_Q90,C3,S0,0,2,-0.025,-0.025,0.042,0.0306603710863524
MAG_F1_DW_Q90,C3,S0,0,3,-0.025,0,0.026,0.0343113446387338
MAG_F1_DW_Q90,C3,S0,0,4,-0.025,0,0.033,0.0341968109473634
MAG_F1_DW_Q90,C3,S0,0,5,-0.025,0,0.042,0.0327065310453847
MAG_F1_DW_Q90,C3,S0,0,6,-0.025,0.025,0.026,0.0383019173334174
MAG_F1_DW_Q90,C3,S0,0,7,-0.025,0.025,0.033,0.0366540728649061
MAG_F1_DW_Q90,C3,S0,0,8,-0.025,0.025,0.042,0.0340081362035627
MAG_F1_DW_Q90,C3,S0,0,9,0,-0.025,0.026,0.0323875544237919
MAG_F1_DW_Q90,C3,S0,0,10,0,-0.025,0.033,0.0330285624221491
MAG_F1_DW_Q90,C3,S0,0,11,0,-0.025,0.042,0.0330951303769966
MAG_F1_DW_Q90,C3,S0,0,12,0,0,0.026,0.0350966839400373
MAG_F1_DW_Q90,C3,S0,0,13,0,0,0.033,0.0356161976540084
MAG_F1_DW_Q90,C3,S0,0,14,0,0,0.042,0.0361810643617433
MAG_F1_DW_Q90,C3,S0,0,15,0,0.025,0.026,0.0405840081688125
MAG_F1_DW_Q90,C3,S0,0,16,0,0.025,0.033,0.0399716008214175
MAG_F1_DW_Q90,C3,S0,0,17,0,0.025,0.042,0.0395245531369013
MAG_F1_DW_Q90,C3,S0,0,18,0.025,-0.025,0.026,0.0346612998284896
MAG_F1_DW_Q90,C3,S0,0,19,0.025,-0.025,0.033,0.0351598936668087
MAG_F1_DW_Q90,C3,S0,0,20,0.025,-0.025,0.042,0.0355667862941746
MAG_F1_DW_Q90,C3,S0,0,21,0.025,0,0.026,0.0401167435930179
MAG_F1_DW_Q90,C3,S0,0,22,0.025,0,0.033,0.0405659423620433
MAG_F1_DW_Q90,C3,S0,0,23,0.025,0,0.042,0.041679821320626
MAG_F1_DW_Q90,C3,S0,0,24,0.025,0.025,0.026,0.0448525345556117
MAG_F1_DW_Q90,C3,S0,0,25,0.025,0.025,0.033,0.0457139632135437
MAG_F1_DW_Q90,C3,S0,0,26,0.025,0.025,0.042,0.0458898434640405
MAG_F1_DW_Q90,C3,S1,1,0,-0.025,-0.025,0.026,0.572612241416801
MAG_F1_DW_Q90,C3,S1,1,1,-0.025,-0.025,0.033,0.578809723504933
MAG_F1_DW_Q90,C3,S1,1,2,-0.025,-0.025,0.042,0.58657188173375
MAG_F1_DW_Q90,C3,S1,1,3,-0.025,0,0.026,0.599434267420126
MAG_F1_DW_Q90,C3,S1,1,4,-0.025,0,0.033,0.605838688948364
MAG_F1_DW_Q90,C3,S1,1,5,-0.025,0,0.042,0.609826488453402
MAG_F1_DW_Q90,C3,S1,1,6,-0.025,0.025,0.026,0.611672880026118
MAG_F1_DW_Q90,C3,S1,1,7,-0.025,0.025,0.033,0.619088383671422
MAG_F1_DW_Q90,C3,S1,1,8,-0.025,0.025,0.042,0.628746895095976
MAG_F1_DW_Q90,C3,S1,1,9,0,-0.025,0.026,0.565698485020785
MAG_F1_DW_Q90,C3,S1,1,10,0,-0.025,0.033,0.572875857575159
MAG_F1_DW_Q90,C3,S1,1,11,0,-0.025,0.042,0.581407787189924
MAG_F1_DW_Q90,C3,S1,1,12,0,0,0.026,0.59218185994697
MAG_F1_DW_Q90,C3,S1,1,13,0,0,0.033,0.60016454937831
MAG_F1_DW_Q90,C3,S1,1,14,0,0,0.042,0.606659636279208
MAG_F1_DW_Q90,C3,S1,1,15,0,0.025,0.026,0.605129801775784
MAG_F1_DW_Q90,C3,S1,1,16,0,0.025,0.033,0.613774061338703
MAG_F1_DW_Q90,C3,S1,1,17,0,0.025,0.042,0.626101078838113
MAG_F1_DW_Q90,C3,S1,1,18,0.025,-0.025,0.026,0.563400523000523
MAG_F1_DW_Q90,C3,S1,1,19,0.025,-0.025,0.033,0.567315001988886
MAG_F1_DW_Q90,C3,S1,1,20,0.025,-0.025,0.042,0.573203635372466
MAG_F1_DW_Q90,C3,S1,1,21,0.025,0,0.026,0.590481592072365
MAG_F1_DW_Q90,C3,S1,1,22,0.025,0,0.033,0.594849039979579
MAG_F1_DW_Q90,C3,S1,1,23,0.025,0,0.042,0.597895517779482
MAG_F1_DW_Q90,C3,S1,1,24,0.025,0.025,0.026,0.603008868202846
MAG_F1_DW_Q90,C3,S1,1,25,0.025,0.025,0.033,0.60931898120087
MAG_F1_DW_Q90,C3,S1,1,26,0.025,0.025,0.042,0.61815237860331
MAG_F1_DW_Q90,C3,S2,2,0,-0.025,-0.025,0.026,1.46396362680971
MAG_F1_DW_Q90,C3,S2,2,1,-0.025,-0.025,0.033,1.47066128888016
MAG_F1_DW_Q90,C3,S2,2,2,-0.025,-0.025,0.042,1.48100933179888
MAG_F1_DW_Q90,C3,S2,2,3,-0.025,0,0.026,1.47736175847857
MAG_F1_DW_Q90,C3,S2,2,4,-0.025,0,0.033,1.48375028983835
MAG_F1_DW_Q90,C3,S2,2,5,-0.025,0,0.042,1.49502226405863
MAG_F1_DW_Q90,C3,S2,2,6,-0.025,0.025,0.026,1.48994178992968
MAG_F1_DW_Q90,C3,S2,2,7,-0.025,0.025,0.033,1.50095785741605
MAG_F1_DW_Q90,C3,S2,2,8,-0.025,0.025,0.042,1.50986570675121
MAG_F1_DW_Q90,C3,S2,2,9,0,-0.025,0.026,1.45557562688884
MAG_F1_DW_Q90,C3,S2,2,10,0,-0.025,0.033,1.45941471021091
MAG_F1_DW_Q90,C3,S2,2,11,0,-0.025,0.042,1.471527798773
MAG_F1_DW_Q90,C3,S2,2,12,0,0,0.026,1.46660153152244
MAG_F1_DW_Q90,C3,S2,2,13,0,0,0.033,1.47248610823851
MAG_F1_DW_Q90,C3,S2,2,14,0,0,0.042,1.48646472013353
MAG_F1_DW_Q90,C3,S2,2,15,0,0.025,0.026,1.48453553359783
MAG_F1_DW_Q90,C3,S2,2,16,0,0.025,0.033,1.49160778979101
MAG_F1_DW_Q90,C3,S2,2,17,0,0.025,0.042,1.50117315712334
MAG_F1_DW_Q90,C3,S2,2,18,0.025,-0.025,0.026,1.45045885139604
MAG_F1_DW_Q90,C3,S2,2,19,0.025,-0.025,0.033,1.45345906773184
MAG_F1_DW_Q90,C3,S2,2,20,0.025,-0.025,0.042,1.46661849628143
MAG_F1_DW_Q90,C3,S2,2,21,0.025,0,0.026,1.46213243517039
MAG_F1_DW_Q90,C3,S2,2,22,0.025,0,0.033,1.46760499126407
MAG_F1_DW_Q90,C3,S2,2,23,0.025,0,0.042,1.4802741782031
MAG_F1_DW_Q90,C3,S2,2,24,0.025,0.025,0.026,1.47906549367086
MAG_F1_DW_Q90,C3,S2,2,25,0.025,0.025,0.033,1.48795850666591
MAG_F1_DW_Q90,C3,S2,2,26,0.025,0.025,0.042,1.49742016128719
ETP_E1_CDIFF,C1,S0,0,0,-0.025,-0.025,0.026,0
ETP_E1_CDIFF,C1,S1,1,0,-0.025,-0.025,0.026,-0.0214602966488184
ETP_E1_CDIFF,C1,S2,2,0,-0.025,-0.025,0.026,0.010057199534965
ETP_E1_CDIFF,C1,S3,3,0,-0.025,-0.025,0.026,-0.0395921477438054
ETP_E1_CDIFF,C1,S4,4,0,-0.025,-0.025,0.026,0.0412758054308605
ETP_E1_CDIFF,C1,S5,5,0,-0.025,-0.025,0.026,0.0672068311815689
ETP_E1_CDIFF,C1,S6,6,0,-0.025,-0.025,0.026,0.0473079195160625
ETP_E1_CDIFF,C1,S0,0,1,-0.025,-0.025,0.033,0
ETP_E1_CDIFF,C1,S1,1,1,-0.025,-0.025,0.033,-0.0209754071959005
ETP_E1_CDIFF,C1,S2,2,1,-0.025,-0.025,0.033,0.0157561960154981
ETP_E1_CDIFF,C1,S3,3,1,-0.025,-0.025,0.033,-0.0354284468452842
ETP_E1_CDIFF,C1,S4,4,1,-0.025,-0.025,0.033,0.0451477754094811
ETP_E1_CDIFF,C1,S5,5,1,-0.025,-0.025,0.033,0.0749290396094406
ETP_E1_CDIFF,C1,S6,6,1,-0.025,-0.025,0.033,0.0474548007417215
ETP_E1_CDIFF,C1,S0,0,2,-0.025,-0.025,0.042,0
ETP_E1_CDIFF,C1,S1,1,2,-0.025,-0.025,0.042,-0.0210540114467156
ETP_E1_CDIFF,C1,S2,2,2,-0.025,-0.025,0.042,0.0200437707337581
ETP_E1_CDIFF,C1,S3,3,2,-0.025,-0.025,0.042,-0.0105284946010139
ETP_E1_CDIFF,C1,S4,4,2,-0.025,-0.025,0.042,0.0497552309634491
ETP_E1_CDIFF,C1,S5,5,2,-0.025,-0.025,0.042,0.0705893127996005
ETP_E1_CDIFF,C1,S6,6,2,-0.025,-0.025,0.042,0.0653331884578248
ETP_E1_CDIFF,C1,S0,0,3,-0.025,0,0.026,0
ETP_E1_CDIFF,C1,S1,1,3,-0.025,0,0.026,-0.0134718740776563
ETP_E1_CDIFF,C1,S2,2,3,-0.025,0,0.026,0.0141228894481676
ETP_E1_CDIFF,C1,S3,3,3,-0.025,0,0.026,-0.0203438375655403
ETP_E1_CDIFF,C1,S4,4,3,-0.025,0,0.026,0.0618266457549655
ETP_E1_CDIFF,C1,S5,5,3,-0.025,0,0.026,0.0740548563963831
ETP_E1_CDIFF,C1,S6,6,3,-0.025,0,0.026,0.0457449313951
ETP_E1_CDIFF,C1,S0,0,4,-0.025,0,0.033,0
ETP_E1_CDIFF,C1,S1,1,4,-0.025,0,0.033,-0.014348963337935
ETP_E1_CDIFF,C1,S2,2,4,-0.025,0,0.033,0.0186318675088658
ETP_E1_CDIFF,C1,S3,3,4,-0.025,0,0.033,-0.0221626241319096
ETP_E1_CDIFF,C1,S4,4,4,-0.025,0,0.033,0.0575903012428588
ETP_E1_CDIFF,C1,S5,5,4,-0.025,0,0.033,0.0821706176048572
ETP_E1_CDIFF,C1,S6,6,4,-0.025,0,0.033,0.0557857637475681
ETP_E1_CDIFF,C1,S0,0,5,-0.025,0,0.042,0
ETP_E1_CDIFF,C1,S1,1,5,-0.025,0,0.042,-0.0158109623645641
ETP_E1_CDIFF,C1,S2,2,5,-0.025,0,0.042,0.0251919967659999
ETP_E1_CDIFF,C1,S3,3,5,-0.025,0,0.042,0.000494504155423778
ETP_E1_CDIFF,C1,S4,4,5,-0.025,0,0.042,0.0541988509540888
ETP_E1_CDIFF,C1,S5,5,5,-0.025,0,0.042,0.100820295949214
ETP_E1_CDIFF,C1,S6,6,5,-0.025,0,0.042,0.0663513737622503
ETP_E1_CDIFF,C1,S0,0,6,-0.025,0.025,0.026,0
ETP_E1_CDIFF,C1,S1,1,6,-0.025,0.025,0.026,-0.00499693430994892
ETP_E1_CDIFF,C1,S2,2,6,-0.025,0.025,0.026,0.0192787687570696
ETP_E1_CDIFF,C1,S3,3,6,-0.025,0.025,0.026,0.00415703435623167
ETP_E1_CDIFF,C1,S4,4,6,-0.025,0.025,0.026,0.0765165598036644
ETP_E1_CDIFF,C1,S5,5,6,-0.025,0.025,0.026,0.0880024592783027
ETP_E1_CDIFF,C1,S6,6,6,-0.025,0.025,0.026,0.0405465929264512
ETP_E1_CDIFF,C1,S0,0,7,-0.025,0.025,0.033,0
ETP_E1_CDIFF,C1,S1,1,7,-0.025,0.025,0.033,-0.00513590665182226
ETP_E1_CDIFF,C1,S2,2,7,-0.025,0.025,0.033,0.019896241442614
ETP_E1_CDIFF,C1,S3,3,7,-0.025,0.025,0.033,-0.00957284035479104
ETP_E1_CDIFF,C1,S4,4,7,-0.025,0.025,0.033,0.074814520198503
ETP_E1_CDIFF,C1,S5,5,7,-0.025,0.025,0.033,0.0749150781103856
ETP_E1_CDIFF,C1,S6,6,7,-0.025,0.025,0.033,0.031944921174322
ETP_E1_CDIFF,C1,S0,0,8,-0.025,0.025,0.042,0
ETP_E1_CDIFF,C1,S1,1,8,-0.025,0.025,0.042,-0.00102507987740047
ETP_E1_CDIFF,C1,S2,2,8,-0.025,0.025,0.042,0.0208204074940158
ETP_E1_CDIFF,C1,S3,3,8,-0.025,0.025,0.042,0.0177379049443195
ETP_E1_CDIFF,C1,S4,4,8,-0.025,0.025,0.042,0.0719587158658699
ETP_E1_CDIFF,C1,S5,5,8,-0.025,0.025,0.042,0.080788666502849
ETP_E1_CDIFF,C1,S6,6,8,-0.025,0.025,0.042,0.0473583297040016
ETP_E1_CDIFF,C1,S0,0,9,0,-0.025,0.026,0
ETP_E1_CDIFF,C1,S1,1,9,0,-0.025,0.026,-0.0209580853273532
ETP_E1_CDIFF,C1,S2,2,9,0,-0.025,0.026,0.0121761884223748
ETP_E1_CDIFF,C1,S3,3,9,0,-0.025,0.026,-0.0690350327335291
ETP_E1_CDIFF,C1,S4,4,9,0,-0.025,0.026,-0.00536594530758952
ETP_E1_CDIFF,C1,S5,5,9,0,-0.025,0.026,0.0686286081122415
ETP_E1_CDIFF,C1,S6,6,9,0,-0.025,0.026,0.0207392463114324
ETP_E1_CDIFF,C1,S0,0,10,0,-0.025,0.033,0
ETP_E1_CDIFF,C1,S1,1,10,0,-0.025,0.033,-0.0264083819667014
ETP_E1_CDIFF,C1,S2,2,10,0,-0.025,0.033,0.0122729730236691
ETP_E1_CDIFF,C1,S3,3,10,0,-0.025,0.033,-0.0612272645406121
ETP_E1_CDIFF,C1,S4,4,10,0,-0.025,0.033,0.00515568388026023
ETP_E1_CDIFF,C1,S5,5,10,0,-0.025,0.033,0.0698150944326403
ETP_E1_CDIFF,C1,S6,6,10,0,-0.025,0.033,0.0234730778508541
ETP_E1_CDIFF,C1,S0,0,11,0,-0.025,0.042,0
ETP_E1_CDIFF,C1,S1,1,11,0,-0.025,0.042,-0.0270745302289959
ETP_E1_CDIFF,C1,S2,2,11,0,-0.025,0.042,0.0191367864233785
ETP_E1_CDIFF,C1,S3,3,11,0,-0.025,0.042,-0.0359841531083984
ETP_E1_CDIFF,C1,S4,4,11,0,-0.025,0.042,0.0367252092495424
ETP_E1_CDIFF,C1,S5,5,11,0,-0.025,0.042,0.0499142011971968
ETP_E1_CDIFF,C1,S6,6,11,0,-0.025,0.042,0.0319260039203903
ETP_E1_CDIFF,C1,S0,0,12,0,0,0.026,0
ETP_E1_CDIFF,C1,S1,1,12,0,0,0.026,-0.0138327275758772
ETP_E1_CDIFF,C1,S2,2,12,0,0,0.026,0.0194345236194685
ETP_E1_CDIFF,C1,S3,3,12,0,0,0.026,-0.0479339696796245
ETP_E1_CDIFF,C1,S4,4,12,0,0,0.026,0.0165981254958951
ETP_E1_CDIFF,C1,S5,5,12,0,0,0.026,0.0567385630716092
ETP_E1_CDIFF,C1,S6,6,12,0,0,0.026,0.0342565498200302
ETP_E1_CDIFF,C1,S0,0,13,0,0,0.033,0
ETP_E1_CDIFF,C1,S1,1,13,0,0,0.033,-0.0149035540919794
ETP_E1_CDIFF,C1,S2,2,13,0,0,0.033,0.0199605149087667
ETP_E1_CDIFF,C1,S3,3,13,0,0,0.033,-0.0455832204315857
ETP_E1_CDIFF,C1,S4,4,13,0,0,0.033,0.0151603730695509
ETP_E1_CDIFF,C1,S5,5,13,0,0,0.033,0.0574747358277618
ETP_E1_CDIFF,C1,S6,6,13,0,0,0.033,0.0346655828890989
ETP_E1_CDIFF,C1,S0,0,14,0,0,0.042,0
ETP_E1_CDIFF,C1,S1,1,14,0,0,0.042,-0.0179862877932464
ETP_E1_CDIFF,C1,S2,2,14,0,0,0.042,0.0249553828131091
ETP_E1_CDIFF,C1,S3,3,14,0,0,0.042,-0.0258493981049246
ETP_E1_CDIFF,C1,S4,4,14,0,0,0.042,0.0432346514927546
ETP_E1_CDIFF,C1,S5,5,14,0,0,0.042,0.045823324869607
ETP_E1_CDIFF,C1,S6,6,14,0,0,0.042,0.040121041211109
ETP_E1_CDIFF,C1,S0,0,15,0,0.025,0.026,0
ETP_E1_CDIFF,C1,S1,1,15,0,0.025,0.026,-0.0114175564343072
ETP_E1_CDIFF,C1,S2,2,15,0,0.025,0.026,0.0354185792781583
ETP_E1_CDIFF,C1,S3,3,15,0,0.025,0.026,-0.0297314640179947
ETP_E1_CDIFF,C1,S4,4,15,0,0.025,0.026,0.0313740804134005
ETP_E1_CDIFF,C1,S5,5,15,0,0.025,0.026,0.0808897066567445
ETP_E1_CDIFF,C1,S6,6,15,0,0.025,0.026,0.0454698788419393
ETP_E1_CDIFF,C1,S0,0,16,0,0.025,0.033,0
ETP_E1_CDIFF,C1,S1,1,16,0,0.025,0.033,-0.0113925151415254
ETP_E1_CDIFF,C1,S2,2,16,0,0.025,0.033,0.0312953134869681
ETP_E1_CDIFF,C1,S3,3,16,0,0.025,0.033,-0.0342557062349254
ETP_E1_CDIFF,C1,S4,4,16,0,0.025,0.033,0.0327424655536856
ETP_E1_CDIFF,C1,S5,5,16,0,0.025,0.033,0.0678694518325742
ETP_E1_CDIFF,C1,S6,6,16,0,0.025,0.033,0.0367741079994888
ETP_E1_CDIFF,C1,S0,0,17,0,0.025,0.042,0
ETP_E1_CDIFF,C1,S1,1,17,0,0.025,0.042,-0.0154571557178614
ETP_E1_CDIFF,C1,S2,2,17,0,0.025,0.042,0.0295299702824011
ETP_E1_CDIFF,C1,S3,3,17,0,0.025,0.042,-0.0121698678964594
ETP_E1_CDIFF,C1,S4,4,17,0,0.025,0.042,0.0556837445379398
ETP_E1_CDIFF,C1,S5,5,17,0,0.025,0.042,0.0576434401751839
ETP_E1_CDIFF,C1,S6,6,17,0,0.025,0.042,0.0410197855041348
ETP_E1_CDIFF,C1,S0,0,18,0.025,-0.025,0.026,0
ETP_E1_CDIFF,C1,S1,1,18,0.025,-0.025,0.026,-0.0239280800282204
ETP_E1_CDIFF,C1,S2,2,18,0.025,-0.025,0.026,0.0152976614636743
ETP_E1_CDIFF,C1,S3,3,18,0.025,-0.025,0.026,-0.0713175577342221
ETP_E1_CDIFF,C1,S4,4,18,0.025,-0.025,0.026,-0.017804108857805
ETP_E1_CDIFF,C1,S5,5,18,0.025,-0.025,0.026,0.0543506105086994
ETP_E1_CDIFF,C1,S6,6,18,0.025,-0.025,0.026,0.0157691379785093
ETP_E1_CDIFF,C1,S0,0,19,0.025,-0.025,0.033,0
ETP_E1_CDIFF,C1,S1,1,19,0.025,-0.025,0.033,-0.0281924358039509
ETP_E1_CDIFF,C1,S2,2,19,0.025,-0.025,0.033,0.0169810866033415
ETP_E1_CDIFF,C1,S3,3,19,0.025,-0.025,0.033,-0.065105205109389
ETP_E1_CDIFF,C1,S4,4,19,0.025,-0.025,0.033,-0.0141925106357484
ETP_E1_CDIFF,C1,S5,5,19,0.025,-0.025,0.033,0.048550927640309
ETP_E1_CDIFF,C1,S6,6,19,0.025,-0.025,0.033,-0.00410464774318564
ETP_E1_CDIFF,C1,S0,0,20,0.025,-0.025,0.042,0
ETP_E1_CDIFF,C1,S1,1,20,0.025,-0.025,0.042,-0.0203404004106147
ETP_E1_CDIFF,C1,S2,2,20,0.025,-0.025,0.042,0.0256241398710701
ETP_E1_CDIFF,C1,S3,3,20,0.025,-0.025,0.042,-0.06330990556442
ETP_E1_CDIFF,C1,S4,4,20,0.025,-0.025,0.042,-0.0044249863974606
ETP_E1_CDIFF,C1,S5,5,20,0.025,-0.025,0.042,0.0453232313503528
ETP_E1_CDIFF,C1,S6,6,20,0.025,-0.025,0.042,-0.00306187716870468
ETP_E1_CDIFF,C1,S0,0,21,0.025,0,0.026,0
ETP_E1_CDIFF,C1,S1,1,21,0.025,0,0.026,-0.0227523281424558
ETP_E1_CDIFF,C1,S2,2,21,0.025,0,0.026,0.0265515796595874
ETP_E1_CDIFF,C1,S3,3,21,0.025,0,0.026,-0.0534210053459649
ETP_E1_CDIFF,C1,S4,4,21,0.025,0,0.026,0.00930820128334642
ETP_E1_CDIFF,C1,S5,5,21,0.025,0,0.026,0.0535330032697496
ETP_E1_CDIFF,C1,S6,6,21,0.025,0,0.026,0.0371088724380273
ETP_E1_CDIFF,C1,S0,0,22,0.025,0,0.033,0
ETP_E1_CDIFF,C1,S1,1,22,0.025,0,0.033,-0.0338470599258543
ETP_E1_CDIFF,C1,S2,2,22,0.025,0,0.033,0.0372693060395317
ETP_E1_CDIFF,C1,S3,3,22,0.025,0,0.033,-0.0659429313618846
ETP_E1_CDIFF,C1,S4,4,22,0.025,0,0.033,-0.00207451121868119
ETP_E1_CDIFF,C1,S5,5,22,0.025,0,0.033,0.0556363164679259
ETP_E1_CDIFF,C1,S6,6,22,0.025,0,0.033,0.0309492548991957
ETP_E1_CDIFF,C1,S0,0,23,0.025,0,0.042,0
ETP_E1_CDIFF,C1,S1,1,23,0.025,0,0.042,-0.0223328850079763
ETP_E1_CDIFF,C1,S2,2,23,0.025,0,0.042,0.0442876699371833
ETP_E1_CDIFF,C1,S3,3,23,0.025,0,0.042,-0.0516422696154402
ETP_E1_CDIFF,C1,S4,4,23,0.025,0,0.042,0.0069527256982852
ETP_E1_CDIFF,C1,S5,5,23,0.025,0,0.042,0.0550233041097793
ETP_E1_CDIFF,C1,S6,6,23,0.025,0,0.042,0.024417398833395
ETP_E1_CDIFF,C1,S0,0,24,0.025,0.025,0.026,0
ETP_E1_CDIFF,C1,S1,1,24,0.025,0.025,0.026,-0.0137152298836037
ETP_E1_CDIFF,C1,S2,2,24,0.025,0.025,0.026,0.0340151859869137
ETP_E1_CDIFF,C1,S3,3,24,0.025,0.025,0.026,-0.047635124159384
ETP_E1_CDIFF,C1,S4,4,24,0.025,0.025,0.026,0.0195371483332263
ETP_E1_CDIFF,C1,S5,5,24,0.025,0.025,0.026,0.0637882775060173
ETP_E1_CDIFF,C1,S6,6,24,0.025,0.025,0.026,0.037846792050267
ETP_E1_CDIFF,C1,S0,0,25,0.025,0.025,0.033,0
ETP_E1_CDIFF,C1,S1,1,25,0.025,0.025,0.033,-0.0188201729844713
ETP_E1_CDIFF,C1,S2,2,25,0.025,0.025,0.033,0.0375092981219007
ETP_E1_CDIFF,C1,S3,3,25,0.025,0.025,0.033,-0.0492968896129247
ETP_E1_CDIFF,C1,S4,4,25,0.025,0.025,0.033,0.0175937151813446
ETP_E1_CDIFF,C1,S5,5,25,0.025,0.025,0.033,0.0590468189121138
ETP_E1_CDIFF,C1,S6,6,25,0.025,0.025,0.033,0.0247456205412164
ETP_E1_CDIFF,C1,S0,0,26,0.025,0.025,0.042,0
ETP_E1_CDIFF,C1,S1,1,26,0.025,0.025,0.042,-0.0201427883628496
ETP_E1_CDIFF,C1,S2,2,26,0.025,0.025,0.042,0.0353149692065498
ETP_E1_CDIFF,C1,S3,3,26,0.025,0.025,0.042,-0.0364473562359015
ETP_E1_CDIFF,C1,S4,4,26,0.025,0.025,0.042,0.0227966294807046
ETP_E1_CDIFF,C1,S5,5,26,0.025,0.025,0.042,0.066549284515442
ETP_E1_CDIFF,C1,S6,6,26,0.025,0.025,0.042,0.0126850825021783
ETP_E1_CDIFF,C2,S0,0,0,-0.025,-0.025,0.026,0
ETP_E1_CDIFF,C2,S1,1,0,-0.025,-0.025,0.026,0.606827039222304
ETP_E1_CDIFF,C2,S2,2,0,-0.025,-0.025,0.026,0.248234886386486
ETP_E1_CDIFF,C2,S3,3,0,-0.025,-0.025,0.026,0.0697136885473173
ETP_E1_CDIFF,C2,S4,4,0,-0.025,-0.025,0.026,0.526213312660999
ETP_E1_CDIFF,C2,S5,5,0,-0.025,-0.025,0.026,0.359360590056786
ETP_E1_CDIFF,C2,S6,6,0,-0.025,-0.025,0.026,0.223282332271799
ETP_E1_CDIFF,C2,S0,0,1,-0.025,-0.025,0.033,0
ETP_E1_CDIFF,C2,S1,1,1,-0.025,-0.025,0.033,0.618560204016546
ETP_E1_CDIFF,C2,S2,2,1,-0.025,-0.025,0.033,0.256770351758009
ETP_E1_CDIFF,C2,S3,3,1,-0.025,-0.025,0.033,0.069605327959731
ETP_E1_CDIFF,C2,S4,4,1,-0.025,-0.025,0.033,0.534828791233142
ETP_E1_CDIFF,C2,S5,5,1,-0.025,-0.025,0.033,0.340245672648283
ETP_E1_CDIFF,C2,S6,6,1,-0.025,-0.025,0.033,0.218225429333346
ETP_E1_CDIFF,C2,S0,0,2,-0.025,-0.025,0.042,0
ETP_E1_CDIFF,C2,S1,1,2,-0.025,-0.025,0.042,0.633701020967879
ETP_E1_CDIFF,C2,S2,2,2,-0.025,-0.025,0.042,0.251447155953768
ETP_E1_CDIFF,C2,S3,3,2,-0.025,-0.025,0.042,0.0783340168300556
ETP_E1_CDIFF,C2,S4,4,2,-0.025,-0.025,0.042,0.555891362430498
ETP_E1_CDIFF,C2,S5,5,2,-0.025,-0.025,0.042,0.337390187596737
ETP_E1_CDIFF,C2,S6,6,2,-0.025,-0.025,0.042,0.250043282076761
ETP_E1_CDIFF,C2,S0,0,3,-0.025,0,0.026,0
ETP_E1_CDIFF,C2,S1,1,3,-0.025,0,0.026,0.630238087942327
ETP_E1_CDIFF,C2,S2,2,3,-0.025,0,0.026,0.258996389108466
ETP_E1_CDIFF,C2,S3,3,3,-0.025,0,0.026,0.0811804166775285
ETP_E1_CDIFF,C2,S4,4,3,-0.025,0,0.026,0.537982766839308
ETP_E1_CDIFF,C2,S5,5,3,-0.025,0,0.026,0.379831196551803
ETP_E1_CDIFF,C2,S6,6,3,-0.025,0,0.026,0.237252041643611
ETP_E1_CDIFF,C2,S0,0,4,-0.025,0,0.033,0
ETP_E1_CDIFF,C2,S1,1,4,-0.025,0,0.033,0.638346551716165
ETP_E1_CDIFF,C2,S2,2,4,-0.025,0,0.033,0.262541058518936
ETP_E1_CDIFF,C2,S3,3,4,-0.025,0,0.033,0.0828958165254189
ETP_E1_CDIFF,C2,S4,4,4,-0.025,0,0.033,0.567909294651108
ETP_E1_CDIFF,C2,S5,5,4,-0.025,0,0.033,0.37239248288706
ETP_E1_CDIFF,C2,S6,6,4,-0.025,0,0.033,0.252533132953865
ETP_E1_CDIFF,C2,S0,0,5,-0.025,0,0.042,0
ETP_E1_CDIFF,C2,S1,1,5,-0.025,0,0.042,0.652310052837314
ETP_E1_CDIFF,C2,S2,2,5,-0.025,0,0.042,0.25057005721064
ETP_E1_CDIFF,C2,S3,3,5,-0.025,0,0.042,0.0870202322294193
ETP_E1_CDIFF,C2,S4,4,5,-0.025,0,0.042,0.582061912537755
ETP_E1_CDIFF,C2,S5,5,5,-0.025,0,0.042,0.358425650958621
ETP_E1_CDIFF,C2,S6,6,5,-0.025,0,0.042,0.251281416724798
ETP_E1_CDIFF,C2,S0,0,6,-0.025,0.025,0.026,0
ETP_E1_CDIFF,C2,S1,1,6,-0.025,0.025,0.026,0.633392357318489
ETP_E1_CDIFF,C2,S2,2,6,-0.025,0.025,0.026,0.255716396682144
ETP_E1_CDIFF,C2,S3,3,6,-0.025,0.025,0.026,0.0864801749605466
ETP_E1_CDIFF,C2,S4,4,6,-0.025,0.025,0.026,0.571612702892787
ETP_E1_CDIFF,C2,S5,5,6,-0.025,0.025,0.026,0.373979273524047
ETP_E1_CDIFF,C2,S6,6,6,-0.025,0.025,0.026,0.241958792936099
ETP_E1_CDIFF,C2,S0,0,7,-0.025,0.025,0.033,0
ETP_E1_CDIFF,C2,S1,1,7,-0.025,0.025,0.033,0.629286009339537
ETP_E1_CDIFF,C2,S2,2,7,-0.025,0.025,0.033,0.260839974800141
ETP_E1_CDIFF,C2,S3,3,7,-0.025,0.025,0.033,0.090485634463932
ETP_E1_CDIFF,C2,S4,4,7,-0.025,0.025,0.033,0.570627023702084
ETP_E1_CDIFF,C2,S5,5,7,-0.025,0.025,0.033,0.37317210875269
ETP_E1_CDIFF,C2,S6,6,7,-0.025,0.025,0.033,0.245071397208594
ETP_E1_CDIFF,C2,S0,0,8,-0.025,0.025,0.042,0
ETP_E1_CDIFF,C2,S1,1,8,-0.025,0.025,0.042,0.641275951620013
ETP_E1_CDIFF,C2,S2,2,8,-0.025,0.025,0.042,0.254555970274839
ETP_E1_CDIFF,C2,S3,3,8,-0.025,0.025,0.042,0.0958599556623369
ETP_E1_CDIFF,C2,S4,4,8,-0.025,0.025,0.042,0.578084677604666
ETP_E1_CDIFF,C2,S5,5,8,-0.025,0.025,0.042,0.362676951686802
ETP_E1_CDIFF,C2,S6,6,8,-0.025,0.025,0.042,0.263919506024519
ETP_E1_CDIFF,C2,S0,0,9,0,-0.025,0.026,0
ETP_E1_CDIFF,C2,S1,1,9,0,-0.025,0.026,0.594247505011529
ETP_E1_CDIFF,C2,S2,2,9,0,-0.025,0.026,0.228569679906405
ETP_E1_CDIFF,C2,S3,3,9,0,-0.025,0.026,0.0708048146735154
ETP_E1_CDIFF,C2,S4,4,9,0,-0.025,0.026,0.501445554266626
ETP_E1_CDIFF,C2,S5,5,9,0,-0.025,0.026,0.348232403783504
ETP_E1_CDIFF,C2,S6,6,9,0,-0.025,0.026,0.207360257586523
ETP_E1_CDIFF,C2,S0,0,10,0,-0.025,0.033,0
ETP_E1_CDIFF,C2,S1,1,10,0,-0.025,0.033,0.599380078457408
ETP_E1_CDIFF,C2,S2,2,10,0,-0.025,0.033,0.227636931024898
ETP_E1_CDIFF,C2,S3,3,10,0,-0.025,0.033,0.0714069237730498
ETP_E1_CDIFF,C2,S4,4,10,0,-0.025,0.033,0.50725353400595
ETP_E1_CDIFF,C2,S5,5,10,0,-0.025,0.033,0.332525472362445
ETP_E1_CDIFF,C2,S6,6,10,0,-0.025,0.033,0.199130060828087
ETP_E1_CDIFF,C2,S0,0,11,0,-0.025,0.042,0
ETP_E1_CDIFF,C2,S1,1,11,0,-0.025,0.042,0.604987497801917
ETP_E1_CDIFF,C2,S2,2,11,0,-0.025,0.042,0.23139510339776
ETP_E1_CDIFF,C2,S3,3,11,0,-0.025,0.042,0.0743546069203614
ETP_E1_CDIFF,C2,S4,4,11,0,-0.025,0.042,0.543253431123356
ETP_E1_CDIFF,C2,S5,5,11,0,-0.025,0.042,0.329704552531977
ETP_E1_CDIFF,C2,S6,6,11,0,-0.025,0.042,0.209990576591664
ETP_E1_CDIFF,C2,S0,0,12,0,0,0.026,0
ETP_E1_CDIFF,C2,S1,1,12,0,0,0.026,0.625745700388616
ETP_E1_CDIFF,C2,S2,2,12,0,0,0.026,0.238063564717717
ETP_E1_CDIFF,C2,S3,3,12,0,0,0.026,0.080966085315418
ETP_E1_CDIFF,C2,S4,4,12,0,0,0.026,0.536050380488354
ETP_E1_CDIFF,C2,S5,5,12,0,0,0.026,0.375683505061637
ETP_E1_CDIFF,C2,S6,6,12,0,0,0.026,0.21064646106439
ETP_E1_CDIFF,C2,S0,0,13,0,0,0.033,0
ETP_E1_CDIFF,C2,S1,1,13,0,0,0.033,0.620932195356717
ETP_E1_CDIFF,C2,S2,2,13,0,0,0.033,0.234059006658065
ETP_E1_CDIFF,C2,S3,3,13,0,0,0.033,0.0790362479940624
ETP_E1_CDIFF,C2,S4,4,13,0,0,0.033,0.54367582559509
ETP_E1_CDIFF,C2,S5,5,13,0,0,0.033,0.363537687435418
ETP_E1_CDIFF,C2,S6,6,13,0,0,0.033,0.208944791912549
ETP_E1_CDIFF,C2,S0,0,14,0,0,0.042,0
ETP_E1_CDIFF,C2,S1,1,14,0,0,0.042,0.632798365471821
ETP_E1_CDIFF,C2,S2,2,14,0,0,0.042,0.244961455411848
ETP_E1_CDIFF,C2,S3,3,14,0,0,0.042,0.0764060666111671
ETP_E1_CDIFF,C2,S4,4,14,0,0,0.042,0.563811710872953
ETP_E1_CDIFF,C2,S5,5,14,0,0,0.042,0.349536368627762
ETP_E1_CDIFF,C2,S6,6,14,0,0,0.042,0.23158346563569
ETP_E1_CDIFF,C2,S0,0,15,0,0.025,0.026,0
ETP_E1_CDIFF,C2,S1,1,15,0,0.025,0.026,0.619052239345004
ETP_E1_CDIFF,C2,S2,2,15,0,0.025,0.026,0.264260518180824
ETP_E1_CDIFF,C2,S3,3,15,0,0.025,0.026,0.0778470521931701
ETP_E1_CDIFF,C2,S4,4,15,0,0.025,0.026,0.561543038765496
ETP_E1_CDIFF,C2,S5,5,15,0,0.025,0.026,0.375270627180961
ETP_E1_CDIFF,C2,S6,6,15,0,0.025,0.026,0.222208584053084
ETP_E1_CDIFF,C2,S0,0,16,0,0.025,0.033,0
ETP_E1_CDIFF,C2,S1,1,16,0,0.025,0.033,0.615244499384664
ETP_E1_CDIFF,C2,S2,2,16,0,0.025,0.033,0.263628044643919
ETP_E1_CDIFF,C2,S3,3,16,0,0.025,0.033,0.0835218553916747
ETP_E1_CDIFF,C2,S4,4,16,0,0.025,0.033,0.574644236721442
ETP_E1_CDIFF,C2,S5,5,16,0,0.025,0.033,0.3620850972704
ETP_E1_CDIFF,C2,S6,6,16,0,0.025,0.033,0.244066193503593
ETP_E1_CDIFF,C2,S0,0,17,0,0.025,0.042,0
ETP_E1_CDIFF,C2,S1,1,17,0,0.025,0.042,0.634960708689743
ETP_E1_CDIFF,C2,S2,2,17,0,0.025,0.042,0.261495359426226
ETP_E1_CDIFF,C2,S3,3,17,0,0.025,0.042,0.0879111966719194
ETP_E1_CDIFF,C2,S4,4,17,0,0.025,0.042,0.592836608849419
ETP_E1_CDIFF,C2,S5,5,17,0,0.025,0.042,0.351145846051915
ETP_E1_CDIFF,C2,S6,6,17,0,0.025,0.042,0.252412310974896
ETP_E1_CDIFF,C2,S0,0,18,0.025,-0.025,0.026,0
ETP_E1_CDIFF,C2,S1,1,18,0.025,-0.025,0.026,0.588678095647001
ETP_E1_CDIFF,C2,S2,2,18,0.025,-0.025,0.026,0.195199855769085
ETP_E1_CDIFF,C2,S3,3,18,0.025,-0.025,0.026,0.0549639774875336
ETP_E1_CDIFF,C2,S4,4,18,0.025,-0.025,0.026,0.521249702657104
ETP_E1_CDIFF,C2,S5,5,18,0.025,-0.025,0.026,0.306962466760845
ETP_E1_CDIFF,C2,S6,6,18,0.025,-0.025,0.026,0.177522376753616
ETP_E1_CDIFF,C2,S0,0,19,0.025,-0.025,0.033,0
ETP_E1_CDIFF,C2,S1,1,19,0.025,-0.025,0.033,0.589671429795602
ETP_E1_CDIFF,C2,S2,2,19,0.025,-0.025,0.033,0.203938924411315
ETP_E1_CDIFF,C2,S3,3,19,0.025,-0.025,0.033,0.0619920701449932
ETP_E1_CDIFF,C2,S4,4,19,0.025,-0.025,0.033,0.513306079177546
ETP_E1_CDIFF,C2,S5,5,19,0.025,-0.025,0.033,0.311529485670029
ETP_E1_CDIFF,C2,S6,6,19,0.025,-0.025,0.033,0.179388132251246
ETP_E1_CDIFF,C2,S0,0,20,0.025,-0.025,0.042,0
ETP_E1_CDIFF,C2,S1,1,20,0.025,-0.025,0.042,0.596006345212464
ETP_E1_CDIFF,C2,S2,2,20,0.025,-0.025,0.042,0.213803104078398
ETP_E1_CDIFF,C2,S3,3,20,0.025,-0.025,0.042,0.0719990826434566
ETP_E1_CDIFF,C2,S4,4,20,0.025,-0.025,0.042,0.523287640446415
ETP_E1_CDIFF,C2,S5,5,20,0.025,-0.025,0.042,0.304566237353294
ETP_E1_CDIFF,C2,S6,6,20,0.025,-0.025,0.042,0.185293848751424
ETP_E1_CDIFF,C2,S0,0,21,0.025,0,0.026,0
ETP_E1_CDIFF,C2,S1,1,21,0.025,0,0.026,0.604436236393393
ETP_E1_CDIFF,C2,S2,2,21,0.025,0,0.026,0.231374581968342
ETP_E1_CDIFF,C2,S3,3,21,0.025,0,0.026,0.0552843469922221
ETP_E1_CDIFF,C2,S4,4,21,0.025,0,0.026,0.527068521745073
ETP_E1_CDIFF,C2,S5,5,21,0.025,0,0.026,0.344723692020721
ETP_E1_CDIFF,C2,S6,6,21,0.025,0,0.026,0.186036637745755
ETP_E1_CDIFF,C2,S0,0,22,0.025,0,0.033,0
ETP_E1_CDIFF,C2,S1,1,22,0.025,0,0.033,0.609118669728165
ETP_E1_CDIFF,C2,S2,2,22,0.025,0,0.033,0.238630817810095
ETP_E1_CDIFF,C2,S3,3,22,0.025,0,0.033,0.0598643315266595
ETP_E1_CDIFF,C2,S4,4,22,0.025,0,0.033,0.543246774103268
ETP_E1_CDIFF,C2,S5,5,22,0.025,0,0.033,0.337544154042721
ETP_E1_CDIFF,C2,S6,6,22,0.025,0,0.033,0.180949238082167
ETP_E1_CDIFF,C2,S0,0,23,0.025,0,0.042,0
ETP_E1_CDIFF,C2,S1,1,23,0.025,0,0.042,0.62015937968731
ETP_E1_CDIFF,C2,S2,2,23,0.025,0,0.042,0.254381813259138
ETP_E1_CDIFF,C2,S3,3,23,0.025,0,0.042,0.0638389829438974
ETP_E1_CDIFF,C2,S4,4,23,0.025,0,0.042,0.545427929304116
ETP_E1_CDIFF,C2,S5,5,23,0.025,0,0.042,0.331440484943145
ETP_E1_CDIFF,C2,S6,6,23,0.025,0,0.042,0.188220923194872
ETP_E1_CDIFF,C2,S0,0,24,0.025,0.025,0.026,0
ETP_E1_CDIFF,C2,S1,1,24,0.025,0.025,0.026,0.600309435198187
ETP_E1_CDIFF,C2,S2,2,24,0.025,0.025,0.026,0.253540195384928
ETP_E1_CDIFF,C2,S3,3,24,0.025,0.025,0.026,0.057754166408251
ETP_E1_CDIFF,C2,S4,4,24,0.025,0.025,0.026,0.56265382618261
ETP_E1_CDIFF,C2,S5,5,24,0.025,0.025,0.026,0.33921644246856
ETP_E1_CDIFF,C2,S6,6,24,0.025,0.025,0.026,0.198196148138364
ETP_E1_CDIFF,C2,S0,0,25,0.025,0.025,0.033,0
ETP_E1_CDIFF,C2,S1,1,25,0.025,0.025,0.033,0.604419399877756
ETP_E1_CDIFF,C2,S2,2,25,0.025,0.025,0.033,0.262961412738304
ETP_E1_CDIFF,C2,S3,3,25,0.025,0.025,0.033,0.0734896789735597
ETP_E1_CDIFF,C2,S4,4,25,0.025,0.025,0.033,0.558343379680675
ETP_E1_CDIFF,C2,S5,5,25,0.025,0.025,0.033,0.338768123772436
ETP_E1_CDIFF,C2,S6,6,25,0.025,0.025,0.033,0.204276848435318
ETP_E1_CDIFF,C2,S0,0,26,0.025,0.025,0.042,0
ETP_E1_CDIFF,C2,S1,1,26,0.025,0.025,0.042,0.621138211025276
ETP_E1_CDIFF,C2,S2,2,26,0.025,0.025,0.042,0.266225211011703
ETP_E1_CDIFF,C2,S3,3,26,0.025,0.025,0.042,0.0861131609408896
ETP_E1_CDIFF,C2,S4,4,26,0.025,0.025,0.042,0.561076498264415
ETP_E1_CDIFF,C2,S5,5,26,0.025,0.025,0.042,0.34543928713104
ETP_E1_CDIFF,C2,S6,6,26,0.025,0.025,0.042,0.218714772879876
ETP_E1_CDIFF,C3,S0,0,0,-0.025,-0.025,0.026,0
ETP_E1_CDIFF,C3,S1,1,0,-0.025,-0.025,0.026,0.10684678654794
ETP_E1_CDIFF,C3,S2,2,0,-0.025,-0.025,0.026,-0.00924566912565308
ETP_E1_CDIFF,C3,S0,0,1,-0.025,-0.025,0.033,0
ETP_E1_CDIFF,C3,S1,1,1,-0.025,-0.025,0.033,0.100640302803634
ETP_E1_CDIFF,C3,S2,2,1,-0.025,-0.025,0.033,-0.00660071607094681
ETP_E1_CDIFF,C3,S0,0,2,-0.025,-0.025,0.042,0
ETP_E1_CDIFF,C3,S1,1,2,-0.025,-0.025,0.042,0.0944556537906105
ETP_E1_CDIFF,C3,S2,2,2,-0.025,-0.025,0.042,-0.0212763543718734
ETP_E1_CDIFF,C3,S0,0,3,-0.025,0,0.026,0
ETP_E1_CDIFF,C3,S1,1,3,-0.025,0,0.026,0.106432191632417
ETP_E1_CDIFF,C3,S2,2,3,-0.025,0,0.026,-0.00197489655832755
ETP_E1_CDIFF,C3,S0,0,4,-0.025,0,0.033,0
ETP_E1_CDIFF,C3,S1,1,4,-0.025,0,0.033,0.0985739495832404
ETP_E1_CDIFF,C3,S2,2,4,-0.025,0,0.033,-0.00059778507282518
ETP_E1_CDIFF,C3,S0,0,5,-0.025,0,0.042,0
ETP_E1_CDIFF,C3,S1,1,5,-0.025,0,0.042,0.0928687501968211
ETP_E1_CDIFF,C3,S2,2,5,-0.025,0,0.042,-0.0070076115311008
ETP_E1_CDIFF,C3,S0,0,6,-0.025,0.025,0.026,0
ETP_E1_CDIFF,C3,S1,1,6,-0.025,0.025,0.026,0.0941948957306707
ETP_E1_CDIFF,C3,S2,2,6,-0.025,0.025,0.026,-0.00156661518752124
ETP_E1_CDIFF,C3,S0,0,7,-0.025,0.025,0.033,0
ETP_E1_CDIFF,C3,S1,1,7,-0.025,0.025,0.033,0.102553797316932
ETP_E1_CDIFF,C3,S2,2,7,-0.025,0.025,0.033,-0.0109523172665104
ETP_E1_CDIFF,C3,S0,0,8,-0.025,0.025,0.042,0
ETP_E1_CDIFF,C3,S1,1,8,-0.025,0.025,0.042,0.0905084475847449
ETP_E1_CDIFF,C3,S2,2,8,-0.025,0.025,0.042,-0.0293659492680487
ETP_E1_CDIFF,C3,S0,0,9,0,-0.025,0.026,0
ETP_E1_CDIFF,C3,S1,1,9,0,-0.025,0.026,0.0884162358879988
ETP_E1_CDIFF,C3,S2,2,9,0,-0.025,0.026,-0.0305411378923321
ETP_E1_CDIFF,C3,S0,0,10,0,-0.025,0.033,0
ETP_E1_CDIFF,C3,S1,1,10,0,-0.025,0.033,0.0715856749028319
ETP_E1_CDIFF,C3,S2,2,10,0,-0.025,0.033,-0.0282911758024069
ETP_E1_CDIFF,C3,S0,0,11,0,-0.025,0.042,0
ETP_E1_CDIFF,C3,S1,1,11,0,-0.025,0.042,0.0719154997409294
ETP_E1_CDIFF,C3,S2,2,11,0,-0.025,0.042,-0.0289677806898985
ETP_E1_CDIFF,C3,S0,0,12,0,0,0.026,0
ETP_E1_CDIFF,C3,S1,1,12,0,0,0.026,0.0752371848470713
ETP_E1_CDIFF,C3,S2,2,12,0,0,0.026,-0.0214957947352577
ETP_E1_CDIFF,C3,S0,0,13,0,0,0.033,0
ETP_E1_CDIFF,C3,S1,1,13,0,0,0.033,0.0716431633721295
ETP_E1_CDIFF,C3,S2,2,13,0,0,0.033,-0.0293585010716339
ETP_E1_CDIFF,C3,S0,0,14,0,0,0.042,0
ETP_E1_CDIFF,C3,S1,1,14,0,0,0.042,0.0795682213785671
ETP_E1_CDIFF,C3,S2,2,14,0,0,0.042,-0.0278413403393328
ETP_E1_CDIFF,C3,S0,0,15,0,0.025,0.026,0
ETP_E1_CDIFF,C3,S1,1,15,0,0.025,0.026,0.077350881959112
ETP_E1_CDIFF,C3,S2,2,15,0,0.025,0.026,0.00384419525071908
ETP_E1_CDIFF,C3,S0,0,16,0,0.025,0.033,0
ETP_E1_CDIFF,C3,S1,1,16,0,0.025,0.033,0.0766842830441598
ETP_E1_CDIFF,C3,S2,2,16,0,0.025,0.033,-0.0165853333727047
ETP_E1_CDIFF,C3,S0,0,17,0,0.025,0.042,0
ETP_E1_CDIFF,C3,S1,1,17,0,0.025,0.042,0.0701894998970999
ETP_E1_CDIFF,C3,S2,2,17,0,0.025,0.042,-0.0267846674864574
ETP_E1_CDIFF,C3,S0,0,18,0.025,-0.025,0.026,0
ETP_E1_CDIFF,C3,S1,1,18,0.025,-0.025,0.026,0.0920464111914231
ETP_E1_CDIFF,C3,S2,2,18,0.025,-0.025,0.026,-0.0483508769368144
ETP_E1_CDIFF,C3,S0,0,19,0.025,-0.025,0.033,0
ETP_E1_CDIFF,C3,S1,1,19,0.025,-0.025,0.033,0.0831913842795867
ETP_E1_CDIFF,C3,S2,2,19,0.025,-0.025,0.033,-0.0445514954443617
ETP_E1_CDIFF,C3,S0,0,20,0.025,-0.025,0.042,0
ETP_E1_CDIFF,C3,S1,1,20,0.025,-0.025,0.042,0.0750559430699382
ETP_E1_CDIFF,C3,S2,2,20,0.025,-0.025,0.042,-0.043545284004621
ETP_E1_CDIFF,C3,S0,0,21,0.025,0,0.026,0
ETP_E1_CDIFF,C3,S1,1,21,0.025,0,0.026,0.0755805236957819
ETP_E1_CDIFF,C3,S2,2,21,0.025,0,0.026,-0.0195524948914557
ETP_E1_CDIFF,C3,S0,0,22,0.025,0,0.033,0
ETP_E1_CDIFF,C3,S1,1,22,0.025,0,0.033,0.075224215995604
ETP_E1_CDIFF,C3,S2,2,22,0.025,0,0.033,-0.0215563348738617
ETP_E1_CDIFF,C3,S0,0,23,0.025,0,0.042,0
ETP_E1_CDIFF,C3,S1,1,23,0.025,0,0.042,0.0806560668553525
ETP_E1_CDIFF,C3,S2,2,23,0.025,0,0.042,-0.0262217860327416
ETP_E1_CDIFF,C3,S0,0,24,0.025,0.025,0.026,0
ETP_E1_CDIFF,C3,S1,1,24,0.025,0.025,0.026,0.0881253986564639
ETP_E1_CDIFF,C3,S2,2,24,0.025,0.025,0.026,-0.0164233862313834
ETP_E1_CDIFF,C3,S0,0,25,0.025,0.025,0.033,0
ETP_E1_CDIFF,C3,S1,1,25,0.025,0.025,0.033,0.0786089841411167
ETP_E1_CDIFF,C3,S2,2,25,0.025,0.025,0.033,-0.0205120022424239
ETP_E1_CDIFF,C3,S0,0,26,0.025,0.025,0.042,0
ETP_E1_CDIFF,C3,S1,1,26,0.025,0.025,0.042,0.0637572569072938
ETP_E1_CDIFF,C3,S2,2,26,0.025,0.025,0.042,-0.0270146999050546
